DELETE	/api/v1/people-management/sst/treinamentos/{treinamento_id}
GET	/api/v1/people-management/sst/treinamentos
POST	/api/v1/people-management/sst/treinamentos
GET	/api/v1/people-management/human-resources/climate/alerts
GET	/api/v1/people-management/human-resources/climate/dashboard
GET	/api/v1/people-management/human-resources/climate/surveys
GET	/api/v1/people-management/hr/discipline/employee/{employee_id}/history
GET	/api/v1/people-management/hr/payroll/employee/{employee_id}/payslip-pdf
GET	/api/v1/people-management/hr/reports/headcount
GET	/api/v1/people-management/hr/time-records/daily/{record_date}
POST	/api/v1/people-management/hr/time-records/clock-out/{record_id}
GET	/api/v1/people-management/human-resources/evaluation-360/ciclos
GET	/api/v1/people-management/human-resources/onboarding/dashboard
GET	/api/v1/people-management/human-resources/training/courses
GET	/api/v1/people-management/human-resources/turnover/dashboard
GET	/api/v1/people-management/human-resources/turnover/motivos
POST	/api/v1/people-management/human-resources/ativacao-ponto/disparar
GET	/api/v1/people-management/portal/cct/adicional-noturno
GET	/api/v1/people-management/portal/cct/feriados
GET	/api/v1/people-management/portal/dashboard
GET	/api/v1/people-management/portal/my-vacations/balance
GET	/api/v1/people-management/sst/ajuda-medicamento/ativos
GET	/api/v1/people-management/sst/asos/regularizacao
GET	/api/v1/people-management/sst/assinaturas/rollout
POST	/api/v1/people-management/sst/assinaturas/ativar-acessos
GET	/api/v1/people-management/sst/cat
GET	/api/v1/people-management/sst/cat/taxa-acidente
GET	/api/v1/people-management/sst/estabilidade/ativos
GET	/api/v1/people-management/sst/regularizacao/descalcos
GET	/api/v1/people-management/sst/riscos
POST	/api/v1/people-management/sst/asos/agendar-lote
GET	/api/v1/rh/consultor/panorama
POST	/api/v1/ged/coleta-automatica/cnds/run
POST	/api/v1/people-management/dp/payroll/pay-batch
