GET	/api/v1/clients/{client_id}
GET	/api/v1/clients/{client_id}/condominiums
GET	/api/v1/comercial/consultor/panorama
GET	/api/v1/fiscal/consultor/panorama
GET	/api/v1/gestao/consultor/panorama
GET	/api/v1/juridico/contratos/dashboard
GET	/api/v1/juridico/riscos/dashboard
GET	/api/v1/juridico/riscos/trabalhista
GET	/api/v1/juridico/riscos/tributario
GET	/api/v1/operacional/ai/performance-overview
GET	/api/v1/operacional/alertas/ativos
GET	/api/v1/operacional/comunicacao/alertas/ativos
GET	/api/v1/operacional/consultor/panorama
GET	/api/v1/operacional/medidas-administrativas/funcionario/{employee_id}
GET	/api/v1/operacional/medidas-administrativas/pendentes
GET	/api/v1/operacional/rondas/dashboard
GET	/api/v1/operacional/ws/status
GET	/api/v1/people-management/hr/discipline/medidas-administrativas/funcionario/{employee_id}
GET	/api/v1/people-management/hr/discipline/medidas-administrativas/pendentes
