DELETE	/api/v1/financial/cashflow/entries/{entry_id}
GET	/api/v1/financeiro/inter/payroll/pagamentos
GET	/api/v1/financeiro/inter/transactions
GET	/api/v1/financial/cashflow/cashflow/dashboard
GET	/api/v1/financial/cashflow/forecasts
GET	/api/v1/financial/pagamentos-diaristas/lancados-dia/{data}
GET	/api/v1/financial/pagamentos-pj/lote/{ano}/{mes}
GET	/api/v1/financial/relatorios/contas-pagar
GET	/api/v1/financial/relatorios/contas-receber
GET	/api/v1/financial/suppliers/stats
GET	/api/v1/ged/certidoes/tipos
GET	/api/v1/ged/config/email-templates
GET	/api/v1/ged/ged-integration/institucional/cct
GET	/api/v1/ged/ged-integration/institucional/comunicados
GET	/api/v1/ged/kits/{kit_id}/assinaturas
GET	/api/v1/ged/reports/by-client
GET	/api/v1/ged/reports/compliance
GET	/api/v1/ged/reports/monthly
GET	/api/v1/ged/reports/signatures
GET	/api/v1/gedeon/kits/entrega/status
POST	/api/v1/financeiro/inter/colaborador/{nome}/auto-categorizar
POST	/api/v1/financeiro/inter/conciliar/{competencia}
POST	/api/v1/financeiro/inter/sync-extrato
POST	/api/v1/financial/cashflow/entries
POST	/api/v1/financial/pagamentos-diaristas/executar
POST	/api/v1/financial/pagamentos-diaristas/manual
POST	/api/v1/financial/pagamentos-diaristas/programar-lancados-dia/{data}
POST	/api/v1/financial/pagamentos-diaristas/solicitar-otp
POST	/api/v1/financial/pagamentos-pj/executar/{ano}/{mes}
POST	/api/v1/financial/pagamentos-pj/solicitar-otp/{ano}/{mes}
POST	/api/v1/financial/payables/installments/{installment_id}/pay
POST	/api/v1/financial/payables/installments/{installment_id}/renegotiate
POST	/api/v1/ged/kits/{kit_id}/approve
POST	/api/v1/ged/kits/{kit_id}/send
PUT	/api/v1/financial/cashflow/entries/{entry_id}
PUT	/api/v1/financial/payables/installments/{installment_id}
