redesign	DELETE	/api/v1/clients/condominiums/{condominium_id}
redesign	DELETE	/api/v1/crm/contacts/{contact_id}
redesign	DELETE	/api/v1/crm/contracts/templates/{template_id}
redesign	DELETE	/api/v1/crm/contracts/{contract_id}
redesign	DELETE	/api/v1/crm/contracts/{contract_id}/items/{item_id}
redesign	DELETE	/api/v1/crm/docs/{doc_id}
redesign	DELETE	/api/v1/crm/leads/{lead_id}
redesign	DELETE	/api/v1/crm/products/{pid}
redesign	DELETE	/api/v1/crm/proposals/{proposal_id}
redesign	DELETE	/api/v1/crm/proposals/{proposal_id}/items/{item_id}
redesign	DELETE	/api/v1/crm/tasks/{task_id}
redesign	DELETE	/api/v1/financial/beneficiarios/{beneficiario_id}
redesign	DELETE	/api/v1/financial/cfo/custos-recorrentes/{custo_id}
redesign	DELETE	/api/v1/financial/payables/{account_id}
redesign	DELETE	/api/v1/financial/receivables/{account_id}
redesign	DELETE	/api/v1/financial/relatorios/parcelamentos/{parc_id}
redesign	DELETE	/api/v1/gedeon/consultor/intercorrencias/{intercorrencia_id}
redesign	DELETE	/api/v1/gedeon/kits/checklist
redesign	DELETE	/api/v1/marketing/campaigns/{campaign_id}
redesign	DELETE	/api/v1/operacional/comunicacao/notificacoes/{notification_id}
redesign	DELETE	/api/v1/operacional/comunicados/{announcement_id:uuid}
redesign	DELETE	/api/v1/operacional/diarias/diaristas/{diarista_id}
redesign	DELETE	/api/v1/operacional/grade/{post_id}/colaborador/{employee_id}
redesign	DELETE	/api/v1/operacional/posts/{post_id}
redesign	DELETE	/api/v1/operacional/rondas/{round_id}
redesign	DELETE	/api/v1/operacional/scales/templates/{template_id}
redesign	DELETE	/api/v1/operacional/scales/{scale_id}
redesign	DELETE	/api/v1/people-management/dp/payslips/{payslip_id}
redesign	DELETE	/api/v1/people-management/ged/clients/{client_id}
redesign	DELETE	/api/v1/people-management/ged/config/drive/disconnect
redesign	DELETE	/api/v1/people-management/ged/documents/{document_id}
redesign	DELETE	/api/v1/people-management/ged/kits/{kit_id}
redesign	DELETE	/api/v1/people-management/hr/benefits/{benefit_id}
redesign	DELETE	/api/v1/people-management/hr/discipline/medidas-administrativas/templates/{template_id}
redesign	DELETE	/api/v1/people-management/hr/discipline/medidas-administrativas/{action_id}
redesign	DELETE	/api/v1/people-management/hr/employees/{employee_id}/deductions/{deduction_id}
redesign	DELETE	/api/v1/people-management/hr/vacations/{vacation_id}
redesign	DELETE	/api/v1/people-management/hr/vacations/{vacation_id}/
redesign	DELETE	/api/v1/people-management/human-resources/career/plans/{plan_id}
redesign	DELETE	/api/v1/people-management/human-resources/performance/reviews/{review_id}
redesign	DELETE	/api/v1/reimbursements/{request_id}
redesign	DELETE	/api/v1/reimbursements/{request_id}/items/{item_id}
redesign	GET	/api/v1/ai/consultor/placar
redesign	GET	/api/v1/campo/visitas/
redesign	GET	/api/v1/campo/visitas/{visita_id}
redesign	GET	/api/v1/campo/visitas/{visita_id}/pdf
redesign	GET	/api/v1/clients
redesign	GET	/api/v1/clients/
redesign	GET	/api/v1/clients/condominiums/{condominium_id}
redesign	GET	/api/v1/crm/activities/
redesign	GET	/api/v1/crm/activities/timeline
redesign	GET	/api/v1/crm/assets
redesign	GET	/api/v1/crm/clients
redesign	GET	/api/v1/crm/clients/
redesign	GET	/api/v1/crm/clients/{client_id}/360
redesign	GET	/api/v1/crm/contacts/
redesign	GET	/api/v1/crm/contracts
redesign	GET	/api/v1/crm/contracts/templates
redesign	GET	/api/v1/crm/contracts/templates/{template_id}
redesign	GET	/api/v1/crm/contracts/{contract_id}
redesign	GET	/api/v1/crm/contracts/{contract_id}/addendums
redesign	GET	/api/v1/crm/contracts/{contract_id}/assinaturas
redesign	GET	/api/v1/crm/contracts/{contract_id}/pdf
redesign	GET	/api/v1/crm/contracts/{contract_id}/pdf-modelo
redesign	GET	/api/v1/crm/docs
redesign	GET	/api/v1/crm/enrichment/cnpj/{cnpj}
redesign	GET	/api/v1/crm/leads
redesign	GET	/api/v1/crm/leads/
redesign	GET	/api/v1/crm/negociacoes
redesign	GET	/api/v1/crm/nps
redesign	GET	/api/v1/crm/pricing/funcoes
redesign	GET	/api/v1/crm/products
redesign	GET	/api/v1/crm/proposals
redesign	GET	/api/v1/crm/proposals/
redesign	GET	/api/v1/crm/proposals/{proposal_id}
redesign	GET	/api/v1/crm/proposals/{proposal_id}/pdf
redesign	GET	/api/v1/crm/proposals/{proposal_id}/public
redesign	GET	/api/v1/crm/proposals/{proposal_id}/track.gif
redesign	GET	/api/v1/crm/reunioes
redesign	GET	/api/v1/crm/tasks/
redesign	GET	/api/v1/crm/visitas
redesign	GET	/api/v1/empresas/
redesign	GET	/api/v1/empresas/dominio/download/plano-contas/{empresa_slug}
redesign	GET	/api/v1/empresas/obrigacoes/calendario/grupo
redesign	GET	/api/v1/financeiro/inter/categorias/stats
redesign	GET	/api/v1/financeiro/inter/cobrancas
redesign	GET	/api/v1/financeiro/inter/cobrancas/{cobranca_id}
redesign	GET	/api/v1/financeiro/inter/cobrancas/{cobranca_id}/pdf
redesign	GET	/api/v1/financeiro/inter/payments
redesign	GET	/api/v1/financeiro/inter/payments/audit
redesign	GET	/api/v1/financeiro/inter/payments/{payment_id}/audit
redesign	GET	/api/v1/financeiro/inter/payments/{payment_id}/comprovante
redesign	GET	/api/v1/financeiro/inter/payments/{payment_id}/status-inter
redesign	GET	/api/v1/financeiro/inter/pix/{e2e_id}
redesign	GET	/api/v1/financial/accounting/dre
redesign	GET	/api/v1/financial/accounting/dre-consolidado
redesign	GET	/api/v1/financial/bank-accounts
redesign	GET	/api/v1/financial/bank-accounts/
redesign	GET	/api/v1/financial/beneficiarios
redesign	GET	/api/v1/financial/cashflow/category-breakdown
redesign	GET	/api/v1/financial/cashflow/summary
redesign	GET	/api/v1/financial/cashflow/supplier-breakdown
redesign	GET	/api/v1/financial/cashflow/trends
redesign	GET	/api/v1/financial/cfo/custos-recorrentes
redesign	GET	/api/v1/financial/diaristas/recibos/{competencia}/zip
redesign	GET	/api/v1/financial/diaristas/relatorio/pdf
redesign	GET	/api/v1/financial/diaristas/{diarista_id}/extrato/pdf
redesign	GET	/api/v1/financial/diaristas/{diarista_id}/recibo/pdf
redesign	GET	/api/v1/financial/fiscal/nfse
redesign	GET	/api/v1/financial/fiscal/nfse-emitida/{chave}/danfse
redesign	GET	/api/v1/financial/fiscal/obrigacao
redesign	GET	/api/v1/financial/fiscal/obrigacao/{obrigacao_id}
redesign	GET	/api/v1/financial/inventory/real/movimentos
redesign	GET	/api/v1/financial/nfse
redesign	GET	/api/v1/financial/nfse-entrada
redesign	GET	/api/v1/financial/nfse-entrada/{chave}/pdf
redesign	GET	/api/v1/financial/payables
redesign	GET	/api/v1/financial/payables/aging
redesign	GET	/api/v1/financial/payables/aging/pdf
redesign	GET	/api/v1/financial/payables/installments/pending
redesign	GET	/api/v1/financial/payables/{account_id}
redesign	GET	/api/v1/financial/payables/{account_id}/installments
redesign	GET	/api/v1/financial/receivables
redesign	GET	/api/v1/financial/receivables/aging
redesign	GET	/api/v1/financial/receivables/aging/pdf
redesign	GET	/api/v1/financial/receivables/{account_id}
redesign	GET	/api/v1/financial/receivables/{account_id}/installments
redesign	GET	/api/v1/financial/relatorios/balancete
redesign	GET	/api/v1/financial/relatorios/balancete/pdf
redesign	GET	/api/v1/financial/relatorios/dre
redesign	GET	/api/v1/financial/relatorios/dre/pdf
redesign	GET	/api/v1/financial/relatorios/fluxo-caixa
redesign	GET	/api/v1/financial/relatorios/fluxo-caixa/pdf
redesign	GET	/api/v1/financial/relatorios/orcamentos-kv
redesign	GET	/api/v1/financial/relatorios/parcelamentos
redesign	GET	/api/v1/fiscal/guias-drive/guia-onvio/{fonte}/{guia_id}/pdf
redesign	GET	/api/v1/gdrive/autorizar
redesign	GET	/api/v1/gdrive/portal/{client_id}/kits
redesign	GET	/api/v1/gdrive/status
redesign	GET	/api/v1/ged/clients
redesign	GET	/api/v1/ged/clients/
redesign	GET	/api/v1/ged/coleta-automatica
redesign	GET	/api/v1/ged/config/document-types
redesign	GET	/api/v1/ged/config/schedule
redesign	GET	/api/v1/ged/documents/{document_id:uuid}
redesign	GET	/api/v1/ged/documents/{document_id:uuid}/download
redesign	GET	/api/v1/ged/ged-integration/contracheques/{employee_id}
redesign	GET	/api/v1/ged/kit-real/{kit_id}/checklist
redesign	GET	/api/v1/ged/kits
redesign	GET	/api/v1/ged/kits/
redesign	GET	/api/v1/ged/kits/{kit_id}
redesign	GET	/api/v1/ged/kits/{kit_id}/download-zip
redesign	GET	/api/v1/gedeon/cnd/pdf/{document_type}
redesign	GET	/api/v1/gedeon/consultor/intercorrencias
redesign	GET	/api/v1/gedeon/consultor/panorama
redesign	GET	/api/v1/gedeon/kits/assinaturas
redesign	GET	/api/v1/gedeon/kits/conferir
redesign	GET	/api/v1/gedeon/kits/conferir-lote
redesign	GET	/api/v1/gedeon/kits/dp/alinhamento
redesign	GET	/api/v1/gedeon/kits/funcionario
redesign	GET	/api/v1/gedeon/kits/funcionarios
redesign	GET	/api/v1/juridico/det/comunicacoes
redesign	GET	/api/v1/juridico/det/comunicacoes/{comunicacao_id}
redesign	GET	/api/v1/juridico/det/comunicacoes/{comunicacao_id}/pdf
redesign	GET	/api/v1/juridico/escritorio/consultas
redesign	GET	/api/v1/juridico/processos
redesign	GET	/api/v1/juridico/processos/{id}
redesign	GET	/api/v1/marketing/campaigns/
redesign	GET	/api/v1/marketing/leads/
redesign	GET	/api/v1/notifications/queue
redesign	GET	/api/v1/onvio/documentos
redesign	GET	/api/v1/onvio/historico
redesign	GET	/api/v1/onvio/stats
redesign	GET	/api/v1/onvio/status
redesign	GET	/api/v1/operacional/comunicacao/notificacoes
redesign	GET	/api/v1/operacional/comunicacao/notificacoes/nao-lidas/count
redesign	GET	/api/v1/operacional/comunicados
redesign	GET	/api/v1/operacional/comunicados/{announcement_id:uuid}
redesign	GET	/api/v1/operacional/comunicados/{announcement_id:uuid}/leituras
redesign	GET	/api/v1/operacional/grade/{post_id}
redesign	GET	/api/v1/operacional/posts/
redesign	GET	/api/v1/operacional/posts/{post_id}
redesign	GET	/api/v1/operacional/rondas/
redesign	GET	/api/v1/operacional/rondas/stats
redesign	GET	/api/v1/operacional/rondas/{round_id}
redesign	GET	/api/v1/operacional/rondas/{round_id}/checkpoints
redesign	GET	/api/v1/operacional/rondas/{round_id}/checkpoints/{checkpoint_id}/fotos/{nome}
redesign	GET	/api/v1/operacional/rondas/{round_id}/relatorio/pdf
redesign	GET	/api/v1/operacional/scales/
redesign	GET	/api/v1/operacional/scales/templates/
redesign	GET	/api/v1/operacional/scales/templates/{template_id}
redesign	GET	/api/v1/operacional/scales/{scale_id}
redesign	GET	/api/v1/people-management/admin/cct/convencoes
redesign	GET	/api/v1/people-management/admin/cct/convencoes/{convencao_id}/beneficios
redesign	GET	/api/v1/people-management/admin/cct/convencoes/{convencao_id}/cargos
redesign	GET	/api/v1/people-management/admin/cct/convencoes/{convencao_id}/feriados
redesign	GET	/api/v1/people-management/certifications
redesign	GET	/api/v1/people-management/certifications/
redesign	GET	/api/v1/people-management/certifications/{cert_id}
redesign	GET	/api/v1/people-management/dp/payslips
redesign	GET	/api/v1/people-management/dp/payslips/
redesign	GET	/api/v1/people-management/dp/payslips/{payslip_id}
redesign	GET	/api/v1/people-management/dp/payslips/{payslip_id}/pdf
redesign	GET	/api/v1/people-management/folha/recibo-vt-vr/{employee_id}/{mes}/{ano}/pdf
redesign	GET	/api/v1/people-management/folha/{mes:int}/{ano:int}/pdf
redesign	GET	/api/v1/people-management/ged/clients
redesign	GET	/api/v1/people-management/ged/clients/{client_id}
redesign	GET	/api/v1/people-management/ged/config/drive
redesign	GET	/api/v1/people-management/ged/config/schedule
redesign	GET	/api/v1/people-management/ged/documents
redesign	GET	/api/v1/people-management/ged/documents/{document_id}
redesign	GET	/api/v1/people-management/ged/documents/{document_id}/download
redesign	GET	/api/v1/people-management/ged/kits
redesign	GET	/api/v1/people-management/ged/kits/{kit_id}
redesign	GET	/api/v1/people-management/ged/kits/{kit_id}/export/pdf
redesign	GET	/api/v1/people-management/ged/kits/{kit_id}/export/zip
redesign	GET	/api/v1/people-management/hr
redesign	GET	/api/v1/people-management/hr/admissions
redesign	GET	/api/v1/people-management/hr/admissions/{admission_id}
redesign	GET	/api/v1/people-management/hr/admissions/{admission_id}/documents
redesign	GET	/api/v1/people-management/hr/benefits
redesign	GET	/api/v1/people-management/hr/benefits/{benefit_id}
redesign	GET	/api/v1/people-management/hr/contracts
redesign	GET	/api/v1/people-management/hr/contracts/employee/{employee_id}
redesign	GET	/api/v1/people-management/hr/contracts/employee/{employee_id}/current
redesign	GET	/api/v1/people-management/hr/contracts/employee/{employee_id}/download-aviso/{filename}
redesign	GET	/api/v1/people-management/hr/contracts/employee/{employee_id}/download/{filename}
redesign	GET	/api/v1/people-management/hr/contracts/{contract_id}
redesign	GET	/api/v1/people-management/hr/contracts/{contract_id}/pdf
redesign	GET	/api/v1/people-management/hr/discipline/assinaturas/documento/{document_id}
redesign	GET	/api/v1/people-management/hr/discipline/assinaturas/{signature_id}
redesign	GET	/api/v1/people-management/hr/discipline/medidas-administrativas
redesign	GET	/api/v1/people-management/hr/discipline/medidas-administrativas/templates
redesign	GET	/api/v1/people-management/hr/discipline/medidas-administrativas/templates/{template_id}
redesign	GET	/api/v1/people-management/hr/discipline/medidas-administrativas/{action_id}
redesign	GET	/api/v1/people-management/hr/documents
redesign	GET	/api/v1/people-management/hr/documents/{doc_id}/download
redesign	GET	/api/v1/people-management/hr/employees
redesign	GET	/api/v1/people-management/hr/employees/{employee_id}
redesign	GET	/api/v1/people-management/hr/employees/{employee_id}/deductions
redesign	GET	/api/v1/people-management/hr/employees/{employee_id}/profile
redesign	GET	/api/v1/people-management/hr/leaves
redesign	GET	/api/v1/people-management/hr/payroll-export/dominio/{competencia}
redesign	GET	/api/v1/people-management/hr/ponto/espelho/{employee_id}/{mes}/{ano}/pdf
redesign	GET	/api/v1/people-management/hr/terminations
redesign	GET	/api/v1/people-management/hr/terminations/{termination_id}
redesign	GET	/api/v1/people-management/hr/terminations/{termination_id}/aviso-previo/pdf
redesign	GET	/api/v1/people-management/hr/terminations/{termination_id}/trct/pdf
redesign	GET	/api/v1/people-management/hr/time-records
redesign	GET	/api/v1/people-management/hr/time-records/{record_id}
redesign	GET	/api/v1/people-management/hr/vacations
redesign	GET	/api/v1/people-management/hr/vacations/{vacation_id}
redesign	GET	/api/v1/people-management/human-resources/ativacao-ponto
redesign	GET	/api/v1/people-management/human-resources/career/plans
redesign	GET	/api/v1/people-management/human-resources/career/plans/{plan_id}
redesign	GET	/api/v1/people-management/human-resources/evaluation-360/ciclos
redesign	GET	/api/v1/people-management/human-resources/performance/reviews
redesign	GET	/api/v1/people-management/human-resources/performance/reviews/{review_id}
redesign	GET	/api/v1/people-management/human-resources/prestadores-pj
redesign	GET	/api/v1/people-management/human-resources/recruitment
redesign	GET	/api/v1/people-management/human-resources/training/
redesign	GET	/api/v1/people-management/human-resources/training/courses
redesign	GET	/api/v1/people-management/human-resources/training/enrollments
redesign	GET	/api/v1/people-management/human-resources/training/{training_id}
redesign	GET	/api/v1/people-management/portal/autocadastro-pj/dados
redesign	GET	/api/v1/people-management/portal/autocadastro-pj/termo
redesign	GET	/api/v1/people-management/portal/candidato/cargos
redesign	GET	/api/v1/people-management/portal/candidato/status
redesign	GET	/api/v1/people-management/portal/candidato/termo
redesign	GET	/api/v1/people-management/portal/ouvidoria-admin
redesign	GET	/api/v1/people-management/portal/painel-ponto
redesign	GET	/api/v1/people-management/portal/self-service/categorias-reembolso
redesign	GET	/api/v1/people-management/portal/self-service/facial/referencia
redesign	GET	/api/v1/people-management/portal/self-service/meu-ponto
redesign	GET	/api/v1/people-management/portal/self-service/meus-dados
redesign	GET	/api/v1/people-management/portal/self-service/meus-reembolsos
redesign	GET	/api/v1/people-management/portal/self-service/onboarding-status
redesign	GET	/api/v1/people-management/portal/self-service/ouvidoria/minhas
redesign	GET	/api/v1/people-management/portal/self-service/ponto-hoje
redesign	GET	/api/v1/people-management/sst/aso
redesign	GET	/api/v1/people-management/sst/aso/{aso_id}/anexo
redesign	GET	/api/v1/people-management/sst/cipa/reunioes
redesign	GET	/api/v1/people-management/sst/epi
redesign	GET	/api/v1/people-management/sst/epi/fichas
redesign	GET	/api/v1/people-management/sst/epi/fichas/{ficha_id}/pdf
redesign	GET	/api/v1/people-management/sst/ltcat/status
redesign	GET	/api/v1/people-management/sst/nr1/compliance
redesign	GET	/api/v1/people-management/sst/nr1/compliance/pdf
redesign	GET	/api/v1/people-management/sst/ppp/{employee_id}
redesign	GET	/api/v1/people-management/sst/ppp/{employee_id}/pdf
redesign	GET	/api/v1/portal/access-management
redesign	GET	/api/v1/portal/access-management/{client_id}/logs
redesign	GET	/api/v1/portal/analytics/conformidade
redesign	GET	/api/v1/portal/analytics/kits-history
redesign	GET	/api/v1/portal/analytics/overview
redesign	GET	/api/v1/portal/analytics/tickets-history
redesign	GET	/api/v1/portal/assistente/greeting
redesign	GET	/api/v1/portal/avisos
redesign	GET	/api/v1/portal/avisos/nao-lidas
redesign	GET	/api/v1/portal/financeiro/boletos
redesign	GET	/api/v1/portal/financeiro/contrato
redesign	GET	/api/v1/portal/financeiro/notas
redesign	GET	/api/v1/portal/financeiro/resumo
redesign	GET	/api/v1/portal/kits
redesign	GET	/api/v1/portal/kits/{kit_id}
redesign	GET	/api/v1/portal/kits/{kit_id}/documents
redesign	GET	/api/v1/portal/kits/{kit_id}/documents/{document_id}/download
redesign	GET	/api/v1/portal/operacao/advertencias
redesign	GET	/api/v1/portal/operacao/assiduidade
redesign	GET	/api/v1/portal/operacao/atestados
redesign	GET	/api/v1/portal/operacao/equipe
redesign	GET	/api/v1/portal/operacao/escalas
redesign	GET	/api/v1/portal/operacao/ocorrencias
redesign	GET	/api/v1/portal/operacao/ranking
redesign	GET	/api/v1/portal/operacao/resumo
redesign	GET	/api/v1/portal/operacao/visitas
redesign	GET	/api/v1/portal/operacao/visitas/{round_id}/checkpoints/{checkpoint_id}/fotos/{nome}
redesign	GET	/api/v1/reimbursements/
redesign	GET	/api/v1/reimbursements/{request_id}
redesign	GET	/api/v1/reimbursements/{request_id}/attachments
redesign	GET	/api/v1/security/lgpd/erasure/{request_id}/status
redesign	GET	/api/v1/security/lgpd/pia/{assessment_id}
redesign	GET	/api/v1/signatures/meus-pendentes
redesign	GET	/api/v1/signatures/public/{token}
redesign	GET	/api/v1/signatures/public/{token}/documento
redesign	GET	/api/v1/whatsapp/agent/dashboard
redesign	PATCH	/api/v1/crm/contacts/{contact_id}
redesign	PATCH	/api/v1/crm/leads/{lead_id}/status
redesign	PATCH	/api/v1/crm/tasks/{task_id}
redesign	PATCH	/api/v1/financial/fiscal/obrigacao/{obrigacao_id}
redesign	PATCH	/api/v1/gedeon/consultor/intercorrencias/{intercorrencia_id}/tratar
redesign	PATCH	/api/v1/marketing/campaigns/{campaign_id}
redesign	PATCH	/api/v1/marketing/content/{content_id}
redesign	PATCH	/api/v1/marketing/content/{content_id}/status
redesign	PATCH	/api/v1/operacional/comunicados/{announcement_id:uuid}
redesign	PATCH	/api/v1/operacional/diarias/diaristas/{diarista_id}
redesign	PATCH	/api/v1/operacional/posts/{post_id}
redesign	PATCH	/api/v1/operacional/rondas/{round_id}
redesign	PATCH	/api/v1/operacional/rondas/{round_id}/checkpoints/{checkpoint_id}
redesign	PATCH	/api/v1/operacional/scales/templates/{template_id}
redesign	PATCH	/api/v1/operacional/scales/{scale_id}
redesign	PATCH	/api/v1/people-management/certifications/{cert_id}/certify
redesign	PATCH	/api/v1/people-management/certifications/{cert_id}/reject
redesign	PATCH	/api/v1/people-management/dp/payslips/{payslip_id}/publicar
redesign	PATCH	/api/v1/people-management/dp/payslips/{payslip_id}/rascunho
redesign	PATCH	/api/v1/people-management/hr/admissions/{admission_id}
redesign	PATCH	/api/v1/people-management/hr/benefits/{benefit_id}
redesign	PATCH	/api/v1/people-management/hr/contracts/{contract_id}
redesign	PATCH	/api/v1/people-management/hr/discipline/medidas-administrativas/templates/{template_id}
redesign	PATCH	/api/v1/people-management/hr/discipline/medidas-administrativas/{action_id}
redesign	PATCH	/api/v1/people-management/hr/employees/{employee_id}
redesign	PATCH	/api/v1/people-management/hr/employees/{employee_id}/deductions/{deduction_id}
redesign	PATCH	/api/v1/people-management/hr/terminations/{termination_id}
redesign	PATCH	/api/v1/people-management/hr/time-records/{record_id}
redesign	POST	/api/v1/ai/consultor/feedback
redesign	POST	/api/v1/ai/consultor/memorias/{memoria_id}/aprovar
redesign	POST	/api/v1/ai/consultor/memorias/{memoria_id}/rejeitar
redesign	POST	/api/v1/ai/fraud/anomalias/{alerta_id}/confirmar
redesign	POST	/api/v1/ai/fraud/anomalias/{alerta_id}/descartar
redesign	POST	/api/v1/campo/visitas/
redesign	POST	/api/v1/campo/visitas/{visita_id}/cancelar
redesign	POST	/api/v1/campo/visitas/{visita_id}/checkin
redesign	POST	/api/v1/campo/visitas/{visita_id}/checkout
redesign	POST	/api/v1/campo/visitas/{visita_id}/confirmar
redesign	POST	/api/v1/campo/visitas/{visita_id}/reagendar
redesign	POST	/api/v1/campo/visitas/{visita_id}/resultado
redesign	POST	/api/v1/cct/compliance/estabilidade
redesign	POST	/api/v1/cct/jornadas/adicionais
redesign	POST	/api/v1/cct/jornadas/adicional-noturno
redesign	POST	/api/v1/cct/jornadas/hora-extra
redesign	POST	/api/v1/cct/rescisao/decimo-terceiro
redesign	POST	/api/v1/cct/rescisao/validar
redesign	POST	/api/v1/cct/salarios/auditar
redesign	POST	/api/v1/cct/salarios/reajuste
redesign	POST	/api/v1/cct/salarios/validar
redesign	POST	/api/v1/clients
redesign	POST	/api/v1/clients/
redesign	POST	/api/v1/comercial/consultor/perguntar
redesign	POST	/api/v1/comercial/consultor/perguntar-arquivo
redesign	POST	/api/v1/consultores/chat/executar
redesign	POST	/api/v1/consultores/chat/executar-arquivo
redesign	POST	/api/v1/consultores/mcp/propor-esocial-sst
redesign	POST	/api/v1/consultores/mcp/{origem}/consultar
redesign	POST	/api/v1/consultores/voz/falar
redesign	POST	/api/v1/crm/activities/timeline
redesign	POST	/api/v1/crm/apresentacoes/gerar
redesign	POST	/api/v1/crm/assets/upload
redesign	POST	/api/v1/crm/clientes/anotar
redesign	POST	/api/v1/crm/contacts/
redesign	POST	/api/v1/crm/contracts
redesign	POST	/api/v1/crm/contracts/addendums/{addendum_id}/sign
redesign	POST	/api/v1/crm/contracts/templates
redesign	POST	/api/v1/crm/contracts/templates/{template_id}/approve
redesign	POST	/api/v1/crm/contracts/{contract_id}/abrir-assinatura
redesign	POST	/api/v1/crm/contracts/{contract_id}/activate
redesign	POST	/api/v1/crm/contracts/{contract_id}/addendums
redesign	POST	/api/v1/crm/contracts/{contract_id}/assinar-empresa
redesign	POST	/api/v1/crm/contracts/{contract_id}/calculate-adjustment
redesign	POST	/api/v1/crm/contracts/{contract_id}/enviar-link
redesign	POST	/api/v1/crm/contracts/{contract_id}/items
redesign	POST	/api/v1/crm/contracts/{contract_id}/renew
redesign	POST	/api/v1/crm/contracts/{contract_id}/submit
redesign	POST	/api/v1/crm/contracts/{contract_id}/suspend
redesign	POST	/api/v1/crm/contracts/{contract_id}/terminate
redesign	POST	/api/v1/crm/docs/expurgar-teste
redesign	POST	/api/v1/crm/docs/orcamento/pdf
redesign	POST	/api/v1/crm/docs/ordem-servico/pdf
redesign	POST	/api/v1/crm/followups
redesign	POST	/api/v1/crm/followups/lote
redesign	POST	/api/v1/crm/followups/optout
redesign	POST	/api/v1/crm/followups/resposta
redesign	POST	/api/v1/crm/leads
redesign	POST	/api/v1/crm/leads/
redesign	POST	/api/v1/crm/negociacoes/responsavel
redesign	POST	/api/v1/crm/nps/enviar
redesign	POST	/api/v1/crm/products
redesign	POST	/api/v1/crm/proposals
redesign	POST	/api/v1/crm/proposals/
redesign	POST	/api/v1/crm/proposals/{proposal_id}/accept
redesign	POST	/api/v1/crm/proposals/{proposal_id}/items
redesign	POST	/api/v1/crm/proposals/{proposal_id}/marcar-enviada
redesign	POST	/api/v1/crm/proposals/{proposal_id}/new-version
redesign	POST	/api/v1/crm/proposals/{proposal_id}/reject
redesign	POST	/api/v1/crm/proposals/{proposal_id}/send
redesign	POST	/api/v1/crm/proposals/{proposal_id}/send-completo
redesign	POST	/api/v1/crm/proposals/{proposal_id}/send-whatsapp
redesign	POST	/api/v1/crm/proposals/{proposal_id}/sign
redesign	POST	/api/v1/crm/reativar-lead
redesign	POST	/api/v1/crm/reunioes
redesign	POST	/api/v1/crm/simular-fechamento
redesign	POST	/api/v1/crm/tasks/
redesign	POST	/api/v1/crm/visitas
redesign	POST	/api/v1/crm/visitas/achados
redesign	POST	/api/v1/crm/visitas/montar
redesign	POST	/api/v1/crm/visitas/registrar-lead
redesign	POST	/api/v1/crm/whatsapp/cadastrar
redesign	POST	/api/v1/empresas/contabilidade/resumo-mensal
redesign	POST	/api/v1/financeiro/inter/categorias/auto-processar
redesign	POST	/api/v1/financeiro/inter/cobrancas
redesign	POST	/api/v1/financeiro/inter/cobrancas/sincronizar-status
redesign	POST	/api/v1/financeiro/inter/cobrancas/{cobranca_id}/cancelar
redesign	POST	/api/v1/financeiro/inter/hermes/linkar
redesign	POST	/api/v1/financeiro/inter/payments
redesign	POST	/api/v1/financeiro/inter/payments/decodificar-pix
redesign	POST	/api/v1/financeiro/inter/payments/extrair-boleto-pdf
redesign	POST	/api/v1/financeiro/inter/payments/{payment_id}/aprovar
redesign	POST	/api/v1/financeiro/inter/payments/{payment_id}/cancelar
redesign	POST	/api/v1/financeiro/inter/payments/{payment_id}/executar
redesign	POST	/api/v1/financeiro/inter/payments/{payment_id}/gerar-otp
redesign	POST	/api/v1/financeiro/inter/pix/sync-recebidos
redesign	POST	/api/v1/financeiro/inter/transacoes/{transaction_id}/categorizar
redesign	POST	/api/v1/financial/ai/billing/contrato-ativado
redesign	POST	/api/v1/financial/ai/costing/registrar
redesign	POST	/api/v1/financial/ai/pricing/calculate
redesign	POST	/api/v1/financial/bank-accounts/{account_id}/adjust-balance
redesign	POST	/api/v1/financial/beneficiarios
redesign	POST	/api/v1/financial/beneficiarios/seed
redesign	POST	/api/v1/financial/cashflow/sync
redesign	POST	/api/v1/financial/cfo/custos-recorrentes
redesign	POST	/api/v1/financial/cfo/perguntar
redesign	POST	/api/v1/financial/cfo/perguntar-arquivo
redesign	POST	/api/v1/financial/fiscal/calcular/comparativo-regimes
redesign	POST	/api/v1/financial/fiscal/calcular/lucro-real
redesign	POST	/api/v1/financial/fiscal/calcular/retencoes-nfse
redesign	POST	/api/v1/financial/fiscal/calcular/simples
redesign	POST	/api/v1/financial/fiscal/calcular/verificar-limite-simples
redesign	POST	/api/v1/financial/fiscal/obrigacao
redesign	POST	/api/v1/financial/inventory/real/saida
redesign	POST	/api/v1/financial/pagamentos-pj/item/{item_id}/nota-fiscal
redesign	POST	/api/v1/financial/pagamentos-pj/programar/{ano}/{mes}
redesign	POST	/api/v1/financial/payables
redesign	POST	/api/v1/financial/payables/auto-criar
redesign	POST	/api/v1/financial/payables/auto-criar/{nota_id}
redesign	POST	/api/v1/financial/payables/process-recurring
redesign	POST	/api/v1/financial/payables/{account_id}/approve
redesign	POST	/api/v1/financial/payables/{account_id}/reject
redesign	POST	/api/v1/financial/payables/{account_id}/schedule
redesign	POST	/api/v1/financial/receivables
redesign	POST	/api/v1/financial/receivables/emitir-cobranca-por-nota/{chave_acesso}
redesign	POST	/api/v1/financial/receivables/emitir-cobrancas-mes
redesign	POST	/api/v1/financial/receivables/{account_id}/cancel
redesign	POST	/api/v1/financial/receivables/{account_id}/protest
redesign	POST	/api/v1/financial/receivables/{account_id}/suspend
redesign	POST	/api/v1/financial/receivables/{account_id}/write-off
redesign	POST	/api/v1/financial/receivables/{receivable_id}/emitir-cobranca
redesign	POST	/api/v1/financial/relatorios/parcelamentos
redesign	POST	/api/v1/fiscal/consultor/perguntar
redesign	POST	/api/v1/fiscal/consultor/perguntar-arquivo
redesign	POST	/api/v1/fiscal/guias-drive/sync
redesign	POST	/api/v1/fiscal/guias-drive/{obligacao_id}/preparar-pagamento
redesign	POST	/api/v1/fiscal/nfe-entrada/sync-sefaz
redesign	POST	/api/v1/fiscal/nfe-entrada/upload-xml
redesign	POST	/api/v1/fiscal/nfse-multi/calcular-tributos
redesign	POST	/api/v1/gdrive/desconectar
redesign	POST	/api/v1/gdrive/kits/{client_id}/{competencia}/enviar-email
redesign	POST	/api/v1/gdrive/kits/{client_id}/{competencia}/montar
redesign	POST	/api/v1/ged/coleta-automatica
redesign	POST	/api/v1/ged/documents/upload
redesign	POST	/api/v1/ged/kit-real/gerar-todos
redesign	POST	/api/v1/ged/kit-real/{kit_id}/gerar
redesign	POST	/api/v1/ged/kits
redesign	POST	/api/v1/ged/kits/generate-all-pdfs
redesign	POST	/api/v1/ged/kits/montar
redesign	POST	/api/v1/ged/kits/{kit_id}/add-nfse
redesign	POST	/api/v1/ged/kits/{kit_id}/generate-pdfs
redesign	POST	/api/v1/ged/kits/{kit_id}/solicitar-assinaturas
redesign	POST	/api/v1/gedeon/cnd/emitir
redesign	POST	/api/v1/gedeon/cnd/upload
redesign	POST	/api/v1/gedeon/consultor/intercorrencias
redesign	POST	/api/v1/gedeon/consultor/perguntar
redesign	POST	/api/v1/gedeon/consultor/perguntar-arquivo
redesign	POST	/api/v1/gedeon/hermes/classificar
redesign	POST	/api/v1/gedeon/kits/checklist
redesign	POST	/api/v1/gedeon/kits/entrega/marcar
redesign	POST	/api/v1/gedeon/kits/entrega/preparar
redesign	POST	/api/v1/gedeon/kits/faturar
redesign	POST	/api/v1/gedeon/sophia/indexar
redesign	POST	/api/v1/gedeon/sophia/perguntar
redesign	POST	/api/v1/gedeon/sophia/reindexar
redesign	POST	/api/v1/gestao/consultor/perguntar
redesign	POST	/api/v1/gestao/consultor/perguntar-arquivo
redesign	POST	/api/v1/government/esocial/espelho/sincronizar
redesign	POST	/api/v1/government/nfse-nacional/emitir
redesign	POST	/api/v1/integrations/solides/beneficios/vincular-kits
redesign	POST	/api/v1/juridico/analises
redesign	POST	/api/v1/juridico/conhecimento
redesign	POST	/api/v1/juridico/conhecimento/seed
redesign	POST	/api/v1/juridico/consultor/perguntar
redesign	POST	/api/v1/juridico/consultor/perguntar-arquivo
redesign	POST	/api/v1/juridico/det/comunicacao
redesign	POST	/api/v1/juridico/det/comunicacao/upload
redesign	POST	/api/v1/juridico/det/robo/coletar
redesign	POST	/api/v1/juridico/det/robo/login
redesign	POST	/api/v1/juridico/escritorio/consultas
redesign	POST	/api/v1/juridico/pareceres
redesign	POST	/api/v1/juridico/processos
redesign	POST	/api/v1/juridico/processos/upload
redesign	POST	/api/v1/juridico/processos/{id}/enviar-cqb
redesign	POST	/api/v1/justificativa/alertar
redesign	POST	/api/v1/justificativa/classificar-auto
redesign	POST	/api/v1/justificativa/registrar
redesign	POST	/api/v1/marketing/campaigns/
redesign	POST	/api/v1/marketing/content/{content_id}/send-whatsapp
redesign	POST	/api/v1/marketing/copywriter/generate
redesign	POST	/api/v1/marketing/estrategista/plan
redesign	POST	/api/v1/marketing/leads/
redesign	POST	/api/v1/marketing/leads/{lead_id}/convert
redesign	POST	/api/v1/marketing/licitacao/convert-to-crm
redesign	POST	/api/v1/onvio/extrair-valores
redesign	POST	/api/v1/onvio/reclassificar
redesign	POST	/api/v1/operacional/comunicacao/alertas
redesign	POST	/api/v1/operacional/comunicacao/alertas/{alert_id}/acknowledge
redesign	POST	/api/v1/operacional/comunicacao/notificacoes/marcar-todas
redesign	POST	/api/v1/operacional/comunicacao/notificacoes/{notification_id}/lida
redesign	POST	/api/v1/operacional/comunicados
redesign	POST	/api/v1/operacional/comunicados/{announcement_id:uuid}/confirmar
redesign	POST	/api/v1/operacional/comunicados/{announcement_id:uuid}/publicar
redesign	POST	/api/v1/operacional/consultor/perguntar
redesign	POST	/api/v1/operacional/consultor/perguntar-arquivo
redesign	POST	/api/v1/operacional/grade/{post_id}/colaborador
redesign	POST	/api/v1/operacional/passagem-turno/
redesign	POST	/api/v1/operacional/passagem-turno/{passagem_id}/lida
redesign	POST	/api/v1/operacional/posts/
redesign	POST	/api/v1/operacional/posts/{post_id}/definir-localizacao
redesign	POST	/api/v1/operacional/rondas/
redesign	POST	/api/v1/operacional/rondas/{round_id}/cancelar
redesign	POST	/api/v1/operacional/rondas/{round_id}/checkpoints
redesign	POST	/api/v1/operacional/rondas/{round_id}/checkpoints/{checkpoint_id}/fotos
redesign	POST	/api/v1/operacional/rondas/{round_id}/concluir
redesign	POST	/api/v1/operacional/rondas/{round_id}/iniciar
redesign	POST	/api/v1/operacional/rondas/{round_id}/pausar
redesign	POST	/api/v1/operacional/rondas/{round_id}/retomar
redesign	POST	/api/v1/operacional/scale-optimizer/otimizar
redesign	POST	/api/v1/operacional/scale-optimizer/otimizar-mes
redesign	POST	/api/v1/operacional/scales/
redesign	POST	/api/v1/operacional/scales/generate
redesign	POST	/api/v1/operacional/scales/templates/
redesign	POST	/api/v1/operacional/scales/templates/from-scale
redesign	POST	/api/v1/operacional/scales/templates/{template_id}/apply
redesign	POST	/api/v1/operacional/scales/{scale_id}/approve
redesign	POST	/api/v1/operacional/scales/{scale_id}/publish
redesign	POST	/api/v1/operacional/scales/{scale_id}/reject
redesign	POST	/api/v1/operacional/scales/{scale_id}/submit
redesign	POST	/api/v1/people-management/admin/cct/cache/invalidar
redesign	POST	/api/v1/people-management/admin/cct/convencoes
redesign	POST	/api/v1/people-management/admin/cct/convencoes/{convencao_id}/beneficios
redesign	POST	/api/v1/people-management/admin/cct/convencoes/{convencao_id}/cargos
redesign	POST	/api/v1/people-management/admin/cct/convencoes/{convencao_id}/feriados
redesign	POST	/api/v1/people-management/certifications
redesign	POST	/api/v1/people-management/certifications/
redesign	POST	/api/v1/people-management/dp/payslips/
redesign	POST	/api/v1/people-management/dp/payslips/importar-lote
redesign	POST	/api/v1/people-management/ged/clients
redesign	POST	/api/v1/people-management/ged/clients/{client_id}/portal-access
redesign	POST	/api/v1/people-management/ged/config/drive
redesign	POST	/api/v1/people-management/ged/config/drive/connect
redesign	POST	/api/v1/people-management/ged/config/schedule
redesign	POST	/api/v1/people-management/ged/documents
redesign	POST	/api/v1/people-management/ged/documents/ingestao/historica
redesign	POST	/api/v1/people-management/ged/documents/{document_id}/sign
redesign	POST	/api/v1/people-management/ged/kits
redesign	POST	/api/v1/people-management/ged/kits/{kit_id}/approve
redesign	POST	/api/v1/people-management/ged/kits/{kit_id}/build
redesign	POST	/api/v1/people-management/ged/kits/{kit_id}/enviar
redesign	POST	/api/v1/people-management/ged/kits/{kit_id}/send
redesign	POST	/api/v1/people-management/ged/kits/{kit_id}/send-email
redesign	POST	/api/v1/people-management/hr/admissions
redesign	POST	/api/v1/people-management/hr/admissions/{admission_id}/complete
redesign	POST	/api/v1/people-management/hr/admissions/{admission_id}/documents
redesign	POST	/api/v1/people-management/hr/benefits
redesign	POST	/api/v1/people-management/hr/contracts
redesign	POST	/api/v1/people-management/hr/contracts/employee/{employee_id}/gerar-aviso-previo-ferias-html
redesign	POST	/api/v1/people-management/hr/contracts/employee/{employee_id}/gerar-contrato-html
redesign	POST	/api/v1/people-management/hr/contracts/{contract_id}/document
redesign	POST	/api/v1/people-management/hr/discipline/assinaturas/verificar
redesign	POST	/api/v1/people-management/hr/discipline/medidas-administrativas
redesign	POST	/api/v1/people-management/hr/discipline/medidas-administrativas/gerar-documento
redesign	POST	/api/v1/people-management/hr/discipline/medidas-administrativas/ia/recomendar
redesign	POST	/api/v1/people-management/hr/discipline/medidas-administrativas/ia/validar-conformidade
redesign	POST	/api/v1/people-management/hr/discipline/medidas-administrativas/ia/verificar-proporcionalidade
redesign	POST	/api/v1/people-management/hr/discipline/medidas-administrativas/templates
redesign	POST	/api/v1/people-management/hr/discipline/medidas-administrativas/{action_id}/aprovar
redesign	POST	/api/v1/people-management/hr/discipline/medidas-administrativas/{action_id}/assinar
redesign	POST	/api/v1/people-management/hr/discipline/medidas-administrativas/{action_id}/recusar-assinatura
redesign	POST	/api/v1/people-management/hr/discipline/medidas-administrativas/{action_id}/rejeitar
redesign	POST	/api/v1/people-management/hr/discipline/medidas-administrativas/{action_id}/submeter
redesign	POST	/api/v1/people-management/hr/employees/import-cadastro
redesign	POST	/api/v1/people-management/hr/employees/{employee_id}/deductions
redesign	POST	/api/v1/people-management/hr/esocial/s2299/gerar
redesign	POST	/api/v1/people-management/hr/leaves
redesign	POST	/api/v1/people-management/hr/leaves/
redesign	POST	/api/v1/people-management/hr/ponto/fechar-mes
redesign	POST	/api/v1/people-management/hr/terminations
redesign	POST	/api/v1/people-management/hr/terminations/{termination_id}/calculate
redesign	POST	/api/v1/people-management/hr/terminations/{termination_id}/complete
redesign	POST	/api/v1/people-management/hr/time-records
redesign	POST	/api/v1/people-management/hr/vacations
redesign	POST	/api/v1/people-management/hr/vacations/
redesign	POST	/api/v1/people-management/hr/vacations/sync-solides
redesign	POST	/api/v1/people-management/hr/vacations/{vacation_id}/approve
redesign	POST	/api/v1/people-management/hr/vacations/{vacation_id}/aviso-previo
redesign	POST	/api/v1/people-management/hr/vacations/{vacation_id}/reject
redesign	POST	/api/v1/people-management/human-resources/ativacao-ponto/{employee_id}/reenviar
redesign	POST	/api/v1/people-management/human-resources/career/plans
redesign	POST	/api/v1/people-management/human-resources/career/plans/{plan_id}/milestones/{milestone_index}/complete
redesign	POST	/api/v1/people-management/human-resources/evaluation-360/ciclos
redesign	POST	/api/v1/people-management/human-resources/evaluation-360/ciclos/{ciclo_id}/start
redesign	POST	/api/v1/people-management/human-resources/performance/review-cycle
redesign	POST	/api/v1/people-management/human-resources/performance/reviews
redesign	POST	/api/v1/people-management/human-resources/performance/reviews/{review_id}/complete
redesign	POST	/api/v1/people-management/human-resources/prestadores-pj
redesign	POST	/api/v1/people-management/human-resources/prestadores-pj/{prestador_id}/regenerar-link
redesign	POST	/api/v1/people-management/human-resources/recruitment/resume/parse
redesign	POST	/api/v1/people-management/human-resources/recruitment/resume/parse-text
redesign	POST	/api/v1/people-management/human-resources/training/
redesign	POST	/api/v1/people-management/human-resources/training/courses
redesign	POST	/api/v1/people-management/human-resources/training/enrollments
redesign	POST	/api/v1/people-management/human-resources/training/enrollments/{enrollment_id}/certificate
redesign	POST	/api/v1/people-management/human-resources/training/{training_id}/complete
redesign	POST	/api/v1/people-management/human-resources/turnover/registrar-motivo
redesign	POST	/api/v1/people-management/ponto/ajuste
redesign	POST	/api/v1/people-management/ponto/batida
redesign	POST	/api/v1/people-management/ponto/batida/me
redesign	POST	/api/v1/people-management/ponto/fechamento
redesign	POST	/api/v1/people-management/ponto/fechamento-mes
redesign	POST	/api/v1/people-management/ponto/justificativa
redesign	POST	/api/v1/people-management/ponto/sincronizar-solides
redesign	POST	/api/v1/people-management/ponto/sync-escalas
redesign	POST	/api/v1/people-management/portal/autocadastro-pj/concluir
redesign	POST	/api/v1/people-management/portal/autocadastro-pj/documento
redesign	POST	/api/v1/people-management/portal/candidato/autocadastro
redesign	POST	/api/v1/people-management/portal/candidato/documento
redesign	POST	/api/v1/people-management/portal/candidato/termo-aceite
redesign	POST	/api/v1/people-management/portal/homologacao/autocadastro
redesign	POST	/api/v1/people-management/portal/login-facial
redesign	POST	/api/v1/people-management/portal/ouvidoria-admin/{manifestacao_id}/responder
redesign	POST	/api/v1/people-management/portal/primeiro-acesso/buscar-pis
redesign	POST	/api/v1/people-management/portal/primeiro-acesso/completar
redesign	POST	/api/v1/people-management/portal/primeiro-acesso/concluir
redesign	POST	/api/v1/people-management/portal/primeiro-acesso/contingencia-rosto
redesign	POST	/api/v1/people-management/portal/primeiro-acesso/identificar
redesign	POST	/api/v1/people-management/portal/self-service/batida-contingencia
redesign	POST	/api/v1/people-management/portal/self-service/facial/batida
redesign	POST	/api/v1/people-management/portal/self-service/facial/cadastrar
redesign	POST	/api/v1/people-management/portal/self-service/ouvidoria
redesign	POST	/api/v1/people-management/portal/self-service/solicitar-reembolso
redesign	POST	/api/v1/people-management/portal/self-service/tentativa-falhou
redesign	POST	/api/v1/people-management/sst/aso
redesign	POST	/api/v1/people-management/sst/aso/{aso_id}/anexo
redesign	POST	/api/v1/people-management/sst/cipa/reunioes
redesign	POST	/api/v1/people-management/sst/epi
redesign	POST	/api/v1/people-management/sst/epi/fichas/{ficha_id}/assinar
redesign	POST	/api/v1/portal/access-management/onboard
redesign	POST	/api/v1/portal/access-management/onboard/nao-logados
redesign	POST	/api/v1/portal/access-management/resumo-mensal/disparar
redesign	POST	/api/v1/portal/access-management/{client_id}/onboard
redesign	POST	/api/v1/portal/access-management/{client_id}/preview-token
redesign	POST	/api/v1/portal/access-management/{client_id}/provision
redesign	POST	/api/v1/portal/access-management/{client_id}/toggle
redesign	POST	/api/v1/portal/assistente/send
redesign	POST	/api/v1/portal/avisos/{aviso_id}/lida
redesign	POST	/api/v1/reimbursements/
redesign	POST	/api/v1/reimbursements/{request_id}/analyze
redesign	POST	/api/v1/reimbursements/{request_id}/approve
redesign	POST	/api/v1/reimbursements/{request_id}/attachments
redesign	POST	/api/v1/reimbursements/{request_id}/cancel
redesign	POST	/api/v1/reimbursements/{request_id}/items
redesign	POST	/api/v1/reimbursements/{request_id}/process
redesign	POST	/api/v1/reimbursements/{request_id}/reject
redesign	POST	/api/v1/reimbursements/{request_id}/return
redesign	POST	/api/v1/reimbursements/{request_id}/submit
redesign	POST	/api/v1/rh/consultor/perguntar
redesign	POST	/api/v1/rh/consultor/perguntar-arquivo
redesign	POST	/api/v1/security/lgpd/erasure/request
redesign	POST	/api/v1/security/lgpd/erasure/{request_id}/processar
redesign	POST	/api/v1/security/lgpd/pia/create
redesign	POST	/api/v1/signatures/assinar-lote
redesign	POST	/api/v1/signatures/public/{token}
redesign	POST	/api/v1/signatures/public/{token}/codigo
redesign	POST	/api/v1/signatures/requests
redesign	POST	/api/v1/whatsapp/send/certificate-alert
redesign	POST	/api/v1/whatsapp/send/nfse-notification
redesign	PUT	/api/v1/clients/condominiums/{condominium_id}
redesign	PUT	/api/v1/crm/contacts/{contact_id}
redesign	PUT	/api/v1/crm/contracts/templates/{template_id}
redesign	PUT	/api/v1/crm/contracts/{contract_id}
redesign	PUT	/api/v1/crm/contracts/{contract_id}/items/{item_id}
redesign	PUT	/api/v1/crm/leads/{lead_id}
redesign	PUT	/api/v1/crm/products/{pid}
redesign	PUT	/api/v1/crm/proposals/{proposal_id}
redesign	PUT	/api/v1/crm/proposals/{proposal_id}/items
redesign	PUT	/api/v1/financial/payables/{account_id}
redesign	PUT	/api/v1/financial/receivables/{account_id}
redesign	PUT	/api/v1/financial/relatorios/liminares/{lid}/status
redesign	PUT	/api/v1/financial/relatorios/orcamentos-kv
redesign	PUT	/api/v1/ged/config/schedule
redesign	PUT	/api/v1/marketing/campaigns/{campaign_id}
redesign	PUT	/api/v1/operacional/grade/{post_id}/colaborador
redesign	PUT	/api/v1/people-management/admin/cct/convencoes/{convencao_id}
redesign	PUT	/api/v1/people-management/ged/clients/{client_id}
redesign	PUT	/api/v1/people-management/ged/documents/{document_id}
redesign	PUT	/api/v1/people-management/ged/kits/{kit_id}
redesign	PUT	/api/v1/people-management/human-resources/career/plans/{plan_id}
redesign	PUT	/api/v1/people-management/human-resources/career/plans/{plan_id}/milestones
redesign	PUT	/api/v1/people-management/human-resources/performance/reviews/{review_id}
redesign	PUT	/api/v1/people-management/human-resources/training/enrollments/{enrollment_id}
redesign	PUT	/api/v1/people-management/human-resources/training/{training_id}
redesign	PUT	/api/v1/people-management/ponto/justificativa/{justification_id}/revisar
redesign	PUT	/api/v1/people-management/portal/self-service/meus-dados
redesign	PUT	/api/v1/people-management/sst/aso/{aso_id}/resultado
redesign	PUT	/api/v1/people-management/sst/ltcat
redesign	PUT	/api/v1/reimbursements/{request_id}
redesign	PUT	/api/v1/reimbursements/{request_id}/items/{item_id}
interna	DELETE	/api/v1/crm/opportunities/{opportunity_id}
interna	DELETE	/api/v1/crm/sequences/{sid}
interna	DELETE	/api/v1/financial/billing-rules/{rule_id}
interna	DELETE	/api/v1/financial/suppliers/{supplier_id}
interna	DELETE	/api/v1/ged/certidoes/{certidao_id}
interna	DELETE	/api/v1/gedeon/kits/arquivo
interna	DELETE	/api/v1/integrations/banking/boleto/{boleto_id}
interna	DELETE	/api/v1/operacional/allocations/{allocation_id:uuid}
interna	DELETE	/api/v1/operacional/comunicacao/comunicados/{announcement_id:uuid}
interna	DELETE	/api/v1/operacional/medidas-administrativas/templates/{template_id}
interna	DELETE	/api/v1/operacional/medidas-administrativas/{action_id}
interna	DELETE	/api/v1/operacional/occurrences/{occurrence_id}
interna	DELETE	/api/v1/operacional/shifts/{shift_id:uuid}
interna	DELETE	/api/v1/operacional/substitutions/{substitution_id}
interna	DELETE	/api/v1/operacional/time-bank/{entry_id}
interna	DELETE	/api/v1/people-management/hr/payroll/benefits/{benefit_id}
interna	GET	/api/v1/campo/dashboard
interna	GET	/api/v1/campo/os/
interna	GET	/api/v1/campo/os/atrasadas
interna	GET	/api/v1/campo/os/dashboard
interna	GET	/api/v1/cct/beneficios
interna	GET	/api/v1/cct/beneficios/taxa-negocial
interna	GET	/api/v1/cct/compliance/resumo
interna	GET	/api/v1/cct/feriados
interna	GET	/api/v1/cct/jornadas/permitidas
interna	GET	/api/v1/cct/salarios/tabela
interna	GET	/api/v1/consultores/mcp/executivo/briefing
interna	GET	/api/v1/consultores/mcp/executivo/margem-condominio
interna	GET	/api/v1/consultores/mcp/executivo/runway
interna	GET	/api/v1/crm/audit
interna	GET	/api/v1/crm/ciclo/diagnostico
interna	GET	/api/v1/crm/ciclo/metricas
interna	GET	/api/v1/crm/clientes/ficha
interna	GET	/api/v1/crm/commissions
interna	GET	/api/v1/crm/cross-sell
interna	GET	/api/v1/crm/docs/download/{doc_id}
interna	GET	/api/v1/crm/enrichment/cep/{cep}
interna	GET	/api/v1/crm/financeiro
interna	GET	/api/v1/crm/followups/historico
interna	GET	/api/v1/crm/followups/pendentes
interna	GET	/api/v1/crm/forecast
interna	GET	/api/v1/crm/funil
interna	GET	/api/v1/crm/leads-frios
interna	GET	/api/v1/crm/negociacoes/pendentes
interna	GET	/api/v1/crm/opportunities
interna	GET	/api/v1/crm/opportunities/
interna	GET	/api/v1/crm/opportunities/pipeline/stats
interna	GET	/api/v1/crm/opportunities/{opportunity_id}
interna	GET	/api/v1/crm/pricing/parametros
interna	GET	/api/v1/crm/quotas
interna	GET	/api/v1/crm/relatorio-comercial
interna	GET	/api/v1/crm/reports/comercial/pdf
interna	GET	/api/v1/crm/resumo-executivo
interna	GET	/api/v1/crm/sequences
interna	GET	/api/v1/crm/sequences/{sid}/enrollments
interna	GET	/api/v1/crm/visitas/detalhe
interna	GET	/api/v1/empresas/dashboard/contabil/grupo
interna	GET	/api/v1/empresas/dashboard/fiscal/grupo
interna	GET	/api/v1/empresas/dashboard/rentabilidade/grupo
interna	GET	/api/v1/empresas/dominio/status
interna	GET	/api/v1/empresas/obrigacoes/alertas
interna	GET	/api/v1/financeiro/inter/extrato/resumo
interna	GET	/api/v1/financeiro/inter/payments/saldo-limite
interna	GET	/api/v1/financeiro/inter/payroll/divergencias
interna	GET	/api/v1/financeiro/inter/pix/recebidos
interna	GET	/api/v1/financeiro/inter/saldo
interna	GET	/api/v1/financial/bi/dashboard
interna	GET	/api/v1/financial/bi/kpis
interna	GET	/api/v1/financial/billing-rules
interna	GET	/api/v1/financial/billing-rules/{rule_id}
interna	GET	/api/v1/financial/cashflow/dashboard
interna	GET	/api/v1/financial/cashflow/forecast
interna	GET	/api/v1/financial/cfo/adimplencia-clientes
interna	GET	/api/v1/financial/cfo/panorama
interna	GET	/api/v1/financial/cfo/previsao-custos
interna	GET	/api/v1/financial/cfo/projecao-caixa
interna	GET	/api/v1/financial/cfo/recebido-por-cliente
interna	GET	/api/v1/financial/contracts
interna	GET	/api/v1/financial/custeio/abc
interna	GET	/api/v1/financial/custeio/contratos
interna	GET	/api/v1/financial/dashboard
interna	GET	/api/v1/financial/fiscal/dashboard
interna	GET	/api/v1/financial/inventory/real/resumo
interna	GET	/api/v1/financial/nfse-entrada/resumo-fiscal
interna	GET	/api/v1/financial/nfse/dashboard
interna	GET	/api/v1/financial/pagamentos-diaristas/lote
interna	GET	/api/v1/financial/pagamentos-diaristas/sugestoes-cadastro
interna	GET	/api/v1/financial/payables/overdue
interna	GET	/api/v1/financial/payables/payables-aging
interna	GET	/api/v1/financial/payables/stats
interna	GET	/api/v1/financial/precificacao/contratos/analise
interna	GET	/api/v1/financial/precificacao/simulador
interna	GET	/api/v1/financial/receivables/installments/pending
interna	GET	/api/v1/financial/receivables/installments/{installment_id}
interna	GET	/api/v1/financial/receivables/overdue
interna	GET	/api/v1/financial/receivables/receivables-aging
interna	GET	/api/v1/financial/receivables/stats
interna	GET	/api/v1/financial/relatorios/apuracao-lucro-real
interna	GET	/api/v1/financial/relatorios/balancete-real
interna	GET	/api/v1/financial/relatorios/dre/mensal
interna	GET	/api/v1/financial/relatorios/tributos
interna	GET	/api/v1/financial/suppliers
interna	GET	/api/v1/financial/suppliers/{supplier_id}
interna	GET	/api/v1/financial/suppliers/{supplier_id}/validate-payment
interna	GET	/api/v1/fiscal-dashboard/atual
interna	GET	/api/v1/fiscal/guias-drive/pdf/{obligacao_id}
interna	GET	/api/v1/ged/certidoes
interna	GET	/api/v1/ged/certidoes/{certidao_id}
interna	GET	/api/v1/ged/dashboard
interna	GET	/api/v1/ged/documents/search
interna	GET	/api/v1/ged/kits/summary
interna	GET	/api/v1/ged/stats
interna	GET	/api/v1/gedeon/cnd/status
interna	GET	/api/v1/gedeon/kits/completude
interna	GET	/api/v1/gedeon/kits/config
interna	GET	/api/v1/gedeon/kits/cronograma
interna	GET	/api/v1/gedeon/kits/ficha
interna	GET	/api/v1/gedeon/kits/montagem/{task_id}
interna	GET	/api/v1/gedeon/kits/status
interna	GET	/api/v1/government/dashboard/certificados/alertas
interna	GET	/api/v1/government/dctfweb/status
interna	GET	/api/v1/government/ecac/debitos
interna	GET	/api/v1/government/ecac/situacao-fiscal
interna	GET	/api/v1/government/ecac/status
interna	GET	/api/v1/government/efd-reinf/classificacoes-tributarias
interna	GET	/api/v1/government/efd-reinf/status
interna	GET	/api/v1/government/esocial/espelho/resumo
interna	GET	/api/v1/government/esocial/espelho/timeline/{cpf}
interna	GET	/api/v1/government/esocial/eventos
interna	GET	/api/v1/government/esocial/eventos-suportados
interna	GET	/api/v1/government/esocial/gaps-funcionarios
interna	GET	/api/v1/government/fgts-digital/status
interna	GET	/api/v1/government/fgts/guias
interna	GET	/api/v1/government/nfse-nacional/status
interna	GET	/api/v1/government/simples-nacional/status
interna	GET	/api/v1/government/sped-contabil/status
interna	GET	/api/v1/government/sped-fiscal/status
interna	GET	/api/v1/juridico/contexto/cliente/{cliente_id}
interna	GET	/api/v1/juridico/contexto/contrato/{contrato_id}
interna	GET	/api/v1/juridico/contexto/funcionario/{identificador}
interna	GET	/api/v1/juridico/contexto/panorama
interna	GET	/api/v1/juridico/contratos
interna	GET	/api/v1/juridico/contratos/{contrato_id}
interna	GET	/api/v1/juridico/contratos/{contrato_id}/analise
interna	GET	/api/v1/juridico/dashboard
interna	GET	/api/v1/juridico/det/robo/status
interna	GET	/api/v1/juridico/det/status
interna	GET	/api/v1/juridico/escritorio/roi
interna	GET	/api/v1/juridico/playbook
interna	GET	/api/v1/juridico/prazos
interna	GET	/api/v1/juridico/prazos/alertas
interna	GET	/api/v1/notifications/push
interna	GET	/api/v1/notifications/push/unread-count
interna	GET	/api/v1/operacional/ai/command-center
interna	GET	/api/v1/operacional/allocations
interna	GET	/api/v1/operacional/allocations/
interna	GET	/api/v1/operacional/allocations/available-employees
interna	GET	/api/v1/operacional/allocations/current
interna	GET	/api/v1/operacional/allocations/{allocation_id}
interna	GET	/api/v1/operacional/comunicacao/comunicados
interna	GET	/api/v1/operacional/comunicacao/comunicados/nao-lidos
interna	GET	/api/v1/operacional/comunicados/nao-lidos
interna	GET	/api/v1/operacional/dashboard/
interna	GET	/api/v1/operacional/diarias/cadastros
interna	GET	/api/v1/operacional/diarias/lancamentos
interna	GET	/api/v1/operacional/diarias/resumo-diarista
interna	GET	/api/v1/operacional/diarias/resumo-gerencial
interna	GET	/api/v1/operacional/employees/
interna	GET	/api/v1/operacional/grade/postos
interna	GET	/api/v1/operacional/kpi-trends
interna	GET	/api/v1/operacional/kpi-trends/
interna	GET	/api/v1/operacional/medidas-administrativas
interna	GET	/api/v1/operacional/medidas-administrativas/templates
interna	GET	/api/v1/operacional/medidas-administrativas/templates/{template_id}
interna	GET	/api/v1/operacional/medidas-administrativas/{action_id}
interna	GET	/api/v1/operacional/occurrences/
interna	GET	/api/v1/operacional/occurrences/{occurrence_id}
interna	GET	/api/v1/operacional/occurrences/{occurrence_id}/comments
interna	GET	/api/v1/operacional/posts/stats
interna	GET	/api/v1/operacional/presenca/hoje
interna	GET	/api/v1/operacional/presenca/substitutos/{substitution_id}
interna	GET	/api/v1/operacional/reports/coverage
interna	GET	/api/v1/operacional/shifts/
interna	GET	/api/v1/operacional/shifts/{shift_id}
interna	GET	/api/v1/operacional/substitutions/
interna	GET	/api/v1/operacional/substitutions/by-date/{target_date}
interna	GET	/api/v1/operacional/substitutions/pending
interna	GET	/api/v1/operacional/substitutions/{substitution_id}
interna	GET	/api/v1/operacional/time-bank/
interna	GET	/api/v1/operacional/time-bank/alerts
interna	GET	/api/v1/operacional/time-bank/expiring
interna	GET	/api/v1/operacional/time-bank/pending
interna	GET	/api/v1/operacional/time-bank/stats
interna	GET	/api/v1/operacional/time-bank/{entry_id}
interna	GET	/api/v1/operacional/unificado/dashboard
interna	GET	/api/v1/people-management/admin/cct/convencao-vigente
interna	GET	/api/v1/people-management/folha/calcular/{employee_id}/{mes}/{ano}
interna	GET	/api/v1/people-management/folha/dashboard
interna	GET	/api/v1/people-management/folha/holerite/{employee_id}/{mes}/{ano}
interna	GET	/api/v1/people-management/folha/holerite/{employee_id}/{mes}/{ano}/pdf
interna	GET	/api/v1/people-management/folha/resumo/{mes}/{ano}
interna	GET	/api/v1/people-management/folha/rubricas
interna	GET	/api/v1/people-management/hr/admissions/stats
interna	GET	/api/v1/people-management/hr/benefits/employee/{employee_id}
interna	GET	/api/v1/people-management/hr/benefits/employee/{employee_id}/total
interna	GET	/api/v1/people-management/hr/cct/cargos
interna	GET	/api/v1/people-management/hr/cct/conformidade
interna	GET	/api/v1/people-management/hr/cct/resumo
interna	GET	/api/v1/people-management/hr/discipline/medidas-administrativas/estatisticas
interna	GET	/api/v1/people-management/hr/employees/cpf/{cpf}
interna	GET	/api/v1/people-management/hr/employees/search
interna	GET	/api/v1/people-management/hr/employees/stats
interna	GET	/api/v1/people-management/hr/esocial/events
interna	GET	/api/v1/people-management/hr/payroll/benefits
interna	GET	/api/v1/people-management/hr/payroll/rubricas
interna	GET	/api/v1/people-management/hr/payroll/summary
interna	GET	/api/v1/people-management/hr/ponto/espelho/painel/{mes}/{ano}
interna	GET	/api/v1/people-management/hr/vacations/employee/{employee_id}
interna	GET	/api/v1/people-management/hr/vacations/employee/{employee_id}/balance
interna	GET	/api/v1/people-management/human-resources/ativacao-ponto/monitor
interna	GET	/api/v1/people-management/human-resources/candidatos
interna	GET	/api/v1/people-management/human-resources/candidatos/postos
interna	GET	/api/v1/people-management/human-resources/candidatos/{candidato_id}
interna	GET	/api/v1/people-management/human-resources/candidatos/{candidato_id}/admissao
interna	GET	/api/v1/people-management/human-resources/candidatos/{candidato_id}/documento/{doc_id}
interna	GET	/api/v1/people-management/human-resources/candidatos/{candidato_id}/dossie
interna	GET	/api/v1/people-management/human-resources/recruitment/interviews
interna	GET	/api/v1/people-management/human-resources/recruitment/interviews/
interna	GET	/api/v1/people-management/human-resources/recruitment/job-positions
interna	GET	/api/v1/people-management/human-resources/recruitment/job-positions/
interna	GET	/api/v1/people-management/human-resources/recruitment/job-positions/open
interna	GET	/api/v1/people-management/human-resources/turnover/dashboard
interna	GET	/api/v1/people-management/human-resources/turnover/motivos
interna	GET	/api/v1/people-management/ponto/banco-horas/{employee_id}
interna	GET	/api/v1/people-management/ponto/batidas/me
interna	GET	/api/v1/people-management/ponto/batidas/{employee_id}
interna	GET	/api/v1/people-management/ponto/colaboradores-sem-escala
interna	GET	/api/v1/people-management/ponto/dashboard
interna	GET	/api/v1/people-management/ponto/espelho/{employee_id}
interna	GET	/api/v1/people-management/ponto/fechamento/status
interna	GET	/api/v1/people-management/ponto/justificativas/pendentes
interna	GET	/api/v1/people-management/ponto/relatorio/inconsistencias
interna	GET	/api/v1/people-management/portal/auth/me
interna	GET	/api/v1/people-management/portal/my-payslips
interna	GET	/api/v1/people-management/portal/my-payslips/{month}/{year}
interna	GET	/api/v1/people-management/portal/my-payslips/{month}/{year}/pdf
interna	GET	/api/v1/people-management/sst/afastamentos
interna	GET	/api/v1/people-management/sst/afastamentos/{afastamento_id}
interna	GET	/api/v1/people-management/sst/asos/sem-aso
interna	GET	/api/v1/people-management/sst/asos/vencendo
interna	GET	/api/v1/people-management/sst/dashboard
interna	GET	/api/v1/people-management/sst/pcmso/status
interna	GET	/api/v1/people-management/sst/ppra/status
interna	GET	/api/v1/portal/tickets
interna	GET	/api/v1/recruitment/interviews
interna	GET	/api/v1/recruitment/interviews/
interna	GET	/api/v1/recruitment/job-positions
interna	GET	/api/v1/recruitment/job-positions/
interna	GET	/api/v1/recruitment/job-positions/open
interna	GET	/api/v1/reimbursements/approvals/pending
interna	GET	/api/v1/reimbursements/ready-for-payment
interna	GET	/api/v1/reimbursements/stats
interna	GET	/api/v1/search
interna	GET	/api/v1/signatures/document/{document_type}/{document_id}
interna	GET	/api/v1/signatures/verify/{signature_hash}
interna	GET	/api/v1/users/
interna	GET	/api/v1/whatsapp/status
interna	PATCH	/api/v1/crm/opportunities/{opportunity_id}/stage
interna	PATCH	/api/v1/notifications/push/{notification_id}/read
interna	PATCH	/api/v1/operacional/allocations/{allocation_id:uuid}
interna	PATCH	/api/v1/operacional/comunicacao/comunicados/{announcement_id:uuid}
interna	PATCH	/api/v1/operacional/employees/{employee_id}
interna	PATCH	/api/v1/operacional/medidas-administrativas/templates/{template_id}
interna	PATCH	/api/v1/operacional/medidas-administrativas/{action_id}
interna	PATCH	/api/v1/operacional/occurrences/{occurrence_id}
interna	PATCH	/api/v1/operacional/shifts/{shift_id:uuid}
interna	PATCH	/api/v1/operacional/substitutions/{substitution_id}
interna	PATCH	/api/v1/operacional/time-bank/{entry_id}
interna	POST	/api/v1/agente/pedir-aprovacao
interna	POST	/api/v1/banking/payment/cancel/{payment_id}
interna	POST	/api/v1/consultores/chat/consultar
interna	POST	/api/v1/consultores/mcp/executivo/viabilidade-contratacao
interna	POST	/api/v1/consultores/mcp/feedback
interna	POST	/api/v1/consultores/mcp/propor-comunicado
interna	POST	/api/v1/consultores/mcp/propor-pagamento
interna	POST	/api/v1/crm/contracts/briefing
interna	POST	/api/v1/crm/contracts/criar-por-modelo
interna	POST	/api/v1/crm/contracts/emitir-por-modelo
interna	POST	/api/v1/crm/docs/aditivo/pdf
interna	POST	/api/v1/crm/docs/atestado/pdf
interna	POST	/api/v1/crm/docs/recibo/pdf
interna	POST	/api/v1/crm/opportunities
interna	POST	/api/v1/crm/opportunities/
interna	POST	/api/v1/crm/opportunities/{opportunity_id}/close
interna	POST	/api/v1/crm/pricing/simular
interna	POST	/api/v1/crm/proposals/from-opportunity
interna	POST	/api/v1/crm/quotas
interna	POST	/api/v1/crm/reunioes/confirmar
interna	POST	/api/v1/crm/sequences
interna	POST	/api/v1/crm/sequences/{sid}/enroll
interna	POST	/api/v1/crm/visitas/pdf
interna	POST	/api/v1/empresas/migrador/executar
interna	POST	/api/v1/financial/billing-rules
interna	POST	/api/v1/financial/billing-rules/{rule_id}/activate
interna	POST	/api/v1/financial/billing-rules/{rule_id}/cancel
interna	POST	/api/v1/financial/billing-rules/{rule_id}/pause
interna	POST	/api/v1/financial/contracts/{contract_id}/renew
interna	POST	/api/v1/financial/fiscal/fiscal/calcular/comparativo-regimes
interna	POST	/api/v1/financial/fiscal/fiscal/calcular/lucro-real
interna	POST	/api/v1/financial/fiscal/fiscal/calcular/retencoes-nfse
interna	POST	/api/v1/financial/fiscal/fiscal/calcular/simples
interna	POST	/api/v1/financial/pagamentos-diaristas/programar-diarias-mensais/{ano}/{mes}
interna	POST	/api/v1/financial/pagamentos-diaristas/programar/{data}
interna	POST	/api/v1/financial/pagamentos-diaristas/{pagamento_id}/cancelar
interna	POST	/api/v1/financial/pagamentos-diaristas/{pagamento_id}/marcar-pago-externo
interna	POST	/api/v1/financial/receivables/installments/{installment_id}/pay
interna	POST	/api/v1/financial/receivables/installments/{installment_id}/renegotiate
interna	POST	/api/v1/financial/suppliers
interna	POST	/api/v1/financial/suppliers/{supplier_id}/block
interna	POST	/api/v1/financial/suppliers/{supplier_id}/qualify
interna	POST	/api/v1/financial/suppliers/{supplier_id}/unblock
interna	POST	/api/v1/ged/auto-assemble
interna	POST	/api/v1/ged/certidoes
interna	POST	/api/v1/gedeon/kits/montagem
interna	POST	/api/v1/integrations/banking/boleto/generate
interna	POST	/api/v1/integrations/banking/pix/generate
interna	POST	/api/v1/juridico/det/ingest-robo
interna	POST	/api/v1/operacional/alertas
interna	POST	/api/v1/operacional/alertas/{alert_id}/acknowledge
interna	POST	/api/v1/operacional/allocations/
interna	POST	/api/v1/operacional/allocations/{allocation_id}/terminate
interna	POST	/api/v1/operacional/avaliacoes/
interna	POST	/api/v1/operacional/comunicacao/comunicados
interna	POST	/api/v1/operacional/comunicacao/comunicados/{announcement_id:uuid}/publicar
interna	POST	/api/v1/operacional/diarias/lancar
interna	POST	/api/v1/operacional/employees/
interna	POST	/api/v1/operacional/medidas-administrativas
interna	POST	/api/v1/operacional/medidas-administrativas/templates
interna	POST	/api/v1/operacional/medidas-administrativas/{action_id}/aprovar
interna	POST	/api/v1/operacional/medidas-administrativas/{action_id}/assinar
interna	POST	/api/v1/operacional/medidas-administrativas/{action_id}/recusar-assinatura
interna	POST	/api/v1/operacional/medidas-administrativas/{action_id}/rejeitar
interna	POST	/api/v1/operacional/medidas-administrativas/{action_id}/submeter
interna	POST	/api/v1/operacional/notificacoes/marcar-todas
interna	POST	/api/v1/operacional/occurrences/
interna	POST	/api/v1/operacional/occurrences/{occurrence_id}/attachments
interna	POST	/api/v1/operacional/occurrences/{occurrence_id}/comments
interna	POST	/api/v1/operacional/occurrences/{occurrence_id}/resolve
interna	POST	/api/v1/operacional/presenca/checkin-manual/{shift_id}
interna	POST	/api/v1/operacional/presenca/falta/{shift_id}
interna	POST	/api/v1/operacional/presenca/substituir/{substitution_id}
interna	POST	/api/v1/operacional/shifts/
interna	POST	/api/v1/operacional/shifts/{shift_id}/check-in
interna	POST	/api/v1/operacional/shifts/{shift_id}/check-out
interna	POST	/api/v1/operacional/shifts/{shift_id}/mark-missed
interna	POST	/api/v1/operacional/substitutions/
interna	POST	/api/v1/operacional/substitutions/{substitution_id}/complete
interna	POST	/api/v1/operacional/substitutions/{substitution_id}/confirm
interna	POST	/api/v1/operacional/substitutions/{substitution_id}/reject
interna	POST	/api/v1/operacional/time-bank/
interna	POST	/api/v1/operacional/time-bank/compensate/{employee_id}
interna	POST	/api/v1/operacional/time-bank/{entry_id}/approve
interna	POST	/api/v1/operacional/time-bank/{entry_id}/reject
interna	POST	/api/v1/people-management/dp/payslips/folha/funcionario/{employee_id}/pix-key/gerar-otp
interna	POST	/api/v1/people-management/dp/payslips/folha/pagar-via-pix/{mes}/{ano}
interna	POST	/api/v1/people-management/dp/payslips/folha/pagar-via-pix/{mes}/{ano}/gerar-otp
interna	POST	/api/v1/people-management/folha/calcular/todos/{mes}/{ano}
interna	POST	/api/v1/people-management/hr/payroll-export/contracheques-batch/{competencia}
interna	POST	/api/v1/people-management/hr/payroll/benefits
interna	POST	/api/v1/people-management/human-resources/candidatos/{candidato_id}/admissao/{item_key}
interna	POST	/api/v1/people-management/human-resources/candidatos/{candidato_id}/aprovar
interna	POST	/api/v1/people-management/human-resources/candidatos/{candidato_id}/decisao
interna	POST	/api/v1/people-management/human-resources/candidatos/{candidato_id}/verificar
interna	POST	/api/v1/people-management/sst/afastamentos
interna	POST	/api/v1/signatures/{request_id}/sign
interna	POST	/api/v1/whatsapp/send/custom
interna	PUT	/api/v1/crm/opportunities/{opportunity_id}
interna	PUT	/api/v1/crm/pricing/parametros
interna	PUT	/api/v1/crm/sequences/{sid}
interna	PUT	/api/v1/financial/billing-rules/{rule_id}
interna	PUT	/api/v1/financial/receivables/installments/{installment_id}
interna	PUT	/api/v1/financial/suppliers/{supplier_id}
interna	PUT	/api/v1/ged/certidoes/{certidao_id}
interna	PUT	/api/v1/operacional/instrucoes-posto/{post_id}
interna	PUT	/api/v1/people-management/dp/payslips/folha/funcionario/{employee_id}/pix-key
interna	PUT	/api/v1/people-management/sst/afastamentos/{afastamento_id}/retorno
alias	DELETE	/api/v1/operacional/notificacoes/{notification_id}
alias	GET	/api/v1/financial/fiscal/fiscal/dashboard
alias	GET	/api/v1/financial/fiscal/fiscal/nfse
alias	GET	/api/v1/financial/fiscal/fiscal/nfse-emitida/{chave}/danfse
alias	GET	/api/v1/financial/fiscal/fiscal/obrigacao
alias	GET	/api/v1/financial/fiscal/fiscal/obrigacao/{obrigacao_id}
alias	GET	/api/v1/operacional/assinaturas/documento/{document_id}
alias	GET	/api/v1/operacional/assinaturas/{signature_id}
alias	GET	/api/v1/operacional/comunicacao/comunicados/{announcement_id:uuid}
alias	GET	/api/v1/operacional/comunicacao/comunicados/{announcement_id:uuid}/leituras
alias	GET	/api/v1/operacional/medidas-administrativas/estatisticas
alias	GET	/api/v1/operacional/notificacoes
alias	GET	/api/v1/operacional/notificacoes/nao-lidas/count
alias	GET	/api/v1/people-management/human-resources/training/certificates
alias	PATCH	/api/v1/financial/fiscal/fiscal/obrigacao/{obrigacao_id}
alias	POST	/api/v1/financial/fiscal/fiscal/calcular/verificar-limite-simples
alias	POST	/api/v1/financial/fiscal/fiscal/obrigacao
alias	POST	/api/v1/operacional/assinaturas/verificar
alias	POST	/api/v1/operacional/comunicacao/comunicados/{announcement_id:uuid}/confirmar
alias	POST	/api/v1/operacional/medidas-administrativas/gerar-documento
alias	POST	/api/v1/operacional/medidas-administrativas/ia/recomendar
alias	POST	/api/v1/operacional/medidas-administrativas/ia/validar-conformidade
alias	POST	/api/v1/operacional/medidas-administrativas/ia/verificar-proporcionalidade
alias	POST	/api/v1/operacional/notificacoes/{notification_id}/lida
externo	GET	/api/v1/gdrive/oauth/callback
externo	GET	/api/v1/webhooks/inter/status
externo	POST	/api/v1/integrations/solides/webhook
externo	POST	/api/v1/webhooks/asaas
externo	POST	/api/v1/webhooks/asaas/
externo	POST	/api/v1/webhooks/cora
externo	POST	/api/v1/webhooks/cora/
externo	POST	/api/v1/webhooks/inter/boleto
externo	POST	/api/v1/webhooks/inter/cobranca-recorrente
externo	POST	/api/v1/webhooks/inter/configurar
externo	POST	/api/v1/webhooks/inter/pagamento-boleto
externo	POST	/api/v1/webhooks/inter/pagamento-pix
externo	POST	/api/v1/webhooks/inter/pix
externo	POST	/api/v1/webhooks/inter/recorrencia
externo	POST	/api/v1/whatsapp/webhook
classico	DELETE	/api/v1/financial/cashflow/entries/{entry_id}
classico	DELETE	/api/v1/people-management/sst/treinamentos/{treinamento_id}
classico	DELETE	/api/v1/reimbursements/attachments/{attachment_id}
classico	GET	/api/v1/financeiro/inter/colaborador/{nome}/categorias
classico	GET	/api/v1/financeiro/inter/payroll/pagamentos
classico	GET	/api/v1/financial/pagamentos-pj/lote/{ano}/{mes}
classico	GET	/api/v1/financial/suppliers/stats
classico	GET	/api/v1/ged/coleta-automatica/history
classico	GET	/api/v1/juridico/contratos/dashboard
classico	GET	/api/v1/notifications/queue/stats
classico	GET	/api/v1/operacional/rondas/dashboard
classico	GET	/api/v1/people-management/hr/discipline/employee/{employee_id}/history
classico	GET	/api/v1/people-management/hr/payroll/employee/{employee_id}/payslip-pdf
classico	GET	/api/v1/people-management/hr/reports/headcount
classico	GET	/api/v1/people-management/hr/time-records/daily/{record_date}
classico	GET	/api/v1/people-management/human-resources/climate/alerts
classico	GET	/api/v1/people-management/human-resources/climate/dashboard
classico	GET	/api/v1/people-management/human-resources/climate/surveys
classico	GET	/api/v1/people-management/human-resources/onboarding/dashboard
classico	GET	/api/v1/people-management/human-resources/onboarding/pendencias
classico	GET	/api/v1/people-management/human-resources/performance/visao-integrada
classico	GET	/api/v1/people-management/human-resources/prestadores-pj/links-empresa
classico	GET	/api/v1/people-management/portal/cct/adicional-noturno
classico	GET	/api/v1/people-management/portal/cct/direitos
classico	GET	/api/v1/people-management/portal/cct/feriados
classico	GET	/api/v1/people-management/portal/dashboard
classico	GET	/api/v1/people-management/portal/my-vacations/balance
classico	GET	/api/v1/people-management/portal/ponto/historico
classico	GET	/api/v1/people-management/sst/ajuda-medicamento/ativos
classico	GET	/api/v1/people-management/sst/asos/regularizacao
classico	GET	/api/v1/people-management/sst/assinaturas/rollout
classico	GET	/api/v1/people-management/sst/calendario-legal
classico	GET	/api/v1/people-management/sst/cat
classico	GET	/api/v1/people-management/sst/cat/taxa-acidente
classico	GET	/api/v1/people-management/sst/estabilidade/ativos
classico	GET	/api/v1/people-management/sst/pcmso/esteira
classico	GET	/api/v1/people-management/sst/prontuario/{employee_id}
classico	GET	/api/v1/people-management/sst/regularizacao/descalcos
classico	GET	/api/v1/people-management/sst/riscos
classico	GET	/api/v1/people-management/sst/treinamentos
classico	GET	/api/v1/reimbursements/attachment-types
classico	GET	/api/v1/reimbursements/attachments/{attachment_id}/download
classico	GET	/api/v1/reimbursements/categories
classico	GET	/api/v1/reimbursements/expense-types
classico	GET	/api/v1/reimbursements/my
classico	POST	/api/v1/financial/cashflow/entries
classico	POST	/api/v1/financial/pagamentos-diaristas/manual
classico	POST	/api/v1/ged/coleta-automatica/cnds/run
classico	POST	/api/v1/ged/coleta-automatica/run
classico	POST	/api/v1/onvio/sync
classico	POST	/api/v1/people-management/certifications/gerar-folha/{competencia}
classico	POST	/api/v1/people-management/dp/payroll/pay-batch
classico	POST	/api/v1/people-management/hr/esocial/s2200/gerar
classico	POST	/api/v1/people-management/hr/time-records/clock-out/{record_id}
classico	POST	/api/v1/people-management/human-resources/ativacao-ponto/disparar
classico	POST	/api/v1/people-management/portal/cct/calculadora
classico	POST	/api/v1/people-management/sst/aso/retroativo
classico	POST	/api/v1/people-management/sst/asos/agendar-lote
classico	POST	/api/v1/people-management/sst/assinaturas/ativar-acessos
classico	POST	/api/v1/people-management/sst/cat
classico	POST	/api/v1/people-management/sst/cat/{cat_id}/transmitir
classico	POST	/api/v1/people-management/sst/epi/fichas/gerar
classico	POST	/api/v1/people-management/sst/risco
classico	POST	/api/v1/people-management/sst/treinamentos
classico	PUT	/api/v1/financial/cashflow/entries/{entry_id}
nenhum	DELETE	/api/v1/people-management/admin/cct/feriados/{feriado_id}
nenhum	GET	/api/v1/comercial/consultor/panorama
nenhum	GET	/api/v1/financial/inventory/real/itens
nenhum	GET	/api/v1/fiscal/consultor/panorama
nenhum	GET	/api/v1/gestao/consultor/panorama
nenhum	GET	/api/v1/juridico/riscos/dashboard
nenhum	GET	/api/v1/operacional/consultor/panorama
nenhum	GET	/api/v1/people-management/dp/payslips/folha/pagar-via-pix/{mes}/{ano}/preview
nenhum	GET	/api/v1/people-management/dp/payslips/folha/pagar-via-pix/{mes}/{ano}/status
nenhum	GET	/api/v1/people-management/ponto/onboarding/completude
nenhum	GET	/api/v1/portal/operacao/turnover
nenhum	GET	/api/v1/portal/settings/info
nenhum	GET	/api/v1/portal/settings/preferences
nenhum	GET	/api/v1/rh/consultor/panorama
nenhum	PATCH	/api/v1/portal/settings/preferences
nenhum	PATCH	/api/v1/users/{user_id}/activate
nenhum	PATCH	/api/v1/users/{user_id}/deactivate
nenhum	PATCH	/api/v1/users/{user_id}/permissions
nenhum	POST	/api/v1/clients/{client_id}/activate
nenhum	POST	/api/v1/clients/{client_id}/block
nenhum	POST	/api/v1/clients/{client_id}/clear-defaulter
nenhum	POST	/api/v1/clients/{client_id}/suspend
nenhum	POST	/api/v1/crm/reunioes/cancelar
nenhum	POST	/api/v1/empresas/{empresa_id}/simular-regime
nenhum	POST	/api/v1/people-management/hr/ponto/espelho/solicitar-homologacao/{mes}/{ano}
nenhum	POST	/api/v1/portal/auth/login
nenhum	POST	/api/v1/signatures/empresa/assinar-lote
nenhum	POST	/api/v1/users/{user_id}/aprovar
nenhum	PUT	/api/v1/clients/{client_id}
nenhum	PUT	/api/v1/people-management/admin/cct/cargos/{cargo_id}
nenhum	PUT	/api/v1/portal/settings/password
