POST	/api/v1/people-management/portal/auth/login
POST	/api/v1/people-management/portal/auth/logout
POST	/api/v1/people-management/portal/auth/primeiro-acesso
POST	/api/v1/people-management/portal/auth/refresh
POST	/api/v1/people-management/portal/auth/reset-senha
GET	/api/v1/people-management/portal/dashboard
GET	/api/v1/people-management/portal/perfil
GET	/api/v1/people-management/portal/contrato
GET	/api/v1/people-management/portal/banco-horas
GET	/api/v1/people-management/portal/ponto/historico
GET	/api/v1/people-management/portal/my-benefits
GET	/api/v1/people-management/portal/comunicados
GET	/api/v1/people-management/portal/my-data
PUT	/api/v1/people-management/portal/my-data
GET	/api/v1/people-management/portal/onboarding-status
GET	/api/v1/people-management/portal/my-documents
POST	/api/v1/people-management/portal/my-documents/{id}/sign
GET	/api/v1/people-management/portal/my-documents/{id}/verify-signature
GET	/api/v1/people-management/portal/my-notifications
PATCH	/api/v1/people-management/portal/my-notifications/{notification_id}/read
POST	/api/v1/people-management/portal/my-notifications/test-trigger
GET	/api/v1/people-management/portal/my-schedules
GET	/api/v1/people-management/portal/my-schedules/current-month
GET	/api/v1/people-management/portal/my-schedules/next-shift
GET	/api/v1/people-management/portal/my-trainings/certificates
GET	/api/v1/people-management/portal/my-trainings/enrollments
GET	/api/v1/people-management/portal/my-vacations/balance
GET	/api/v1/people-management/portal/my-vacations/requests
POST	/api/v1/people-management/portal/self-service/bater-ponto
GET	/api/v1/people-management/portal/self-service/minha-cct
GET	/api/v1/people-management/portal/self-service/meus-documentos-a-assinar
GET	/api/v1/people-management/hr/admissions/checklist
GET	/api/v1/people-management/hr/cct/funcionarios
GET	/api/v1/people-management/hr/employees/discipline
POST	/api/v1/people-management/hr/esocial/validar
GET	/api/v1/people-management/hr/payroll-export/contracheque/{employee_id}/{competencia}
GET	/api/v1/people-management/hr/payroll/employee/{employee_id}/calculate
GET	/api/v1/people-management/hr/payroll/rubricas
POST	/api/v1/people-management/hr/ponto/calcular
GET	/api/v1/people-management/hr/ponto/fechamento-status
POST	/api/v1/people-management/hr/time-records/clock-in
GET	/api/v1/people-management/hr/time-records/employee/{employee_id}/summary
GET	/api/v1/people-management/hr/time-tracking/employee/{employee_id}/entries
GET	/api/v1/people-management/human-resources/climate/absenteismo/alertas
GET	/api/v1/people-management/human-resources/climate/absenteismo/dashboard
GET	/api/v1/people-management/human-resources/evaluation-360/ciclos/{ciclo_id}/relatorio
POST	/api/v1/people-management/human-resources/evaluation-360/ciclos/{ciclo_id}/responder
POST	/api/v1/people-management/human-resources/evaluation-360/ciclos/{ciclo_id}/respostas
GET	/api/v1/people-management/human-resources/evaluation-360/ciclos/{ciclo_id}/resultado
GET	/api/v1/people-management/human-resources/evaluation-360/pendencias
GET	/api/v1/people-management/human-resources/evaluation-360/resultados
GET	/api/v1/people-management/human-resources/onboarding/{employee_id}/checklist
POST	/api/v1/people-management/human-resources/onboarding/{employee_id}/checklist/{item_id}/concluir
GET	/api/v1/people-management/human-resources/performance/visao-integrada/{employee_id}
GET	/api/v1/people-management/human-resources/training/certificates
GET	/api/v1/people-management/human-resources/training/certificates/
GET	/api/v1/people-management/human-resources/training/certificates/expiring
DELETE	/api/v1/people-management/human-resources/training/courses/{course_id}
GET	/api/v1/people-management/human-resources/training/courses/{course_id}
PUT	/api/v1/people-management/human-resources/training/courses/{course_id}
GET	/api/v1/people-management/human-resources/training/mandatory-check/{employee_id}
GET	/api/v1/people-management/human-resources/turnover/desligados-sem-motivo
GET	/api/v1/people-management/sst/cipa/membros
GET	/api/v1/people-management/sst/epi/fichas/minhas
GET	/api/v1/people-management/sst/nr1/colaboradores-risco
GET	/api/v1/people-management/sst/nr1/dashboard
GET	/api/v1/people-management/ged/config/document-types
GET	/api/v1/people-management/ged/config/email-templates
GET	/api/v1/people-management/ged/documents/ingestao/status
GET	/api/v1/people-management/ged/documents/pending-signatures
POST	/api/v1/people-management/ged/kits/auto-assemble
GET	/api/v1/people-management/ged/kits/dashboard
GET	/api/v1/people-management/ged/kits/summary
POST	/api/v1/people-management/dp/payslips/folha/upload
DELETE	/api/v1/people-management/hr/payroll/periods/{period_id}
DELETE	/api/v1/people-management/hr/time-tracking/justifications/{justification_id}
DELETE	/api/v1/people-management/hr/time-tracking/overtime/{overtime_id}
DELETE	/api/v1/people-management/hr/time-tracking/time-entries/{entry_id}
GET	/api/v1/people-management/hr/payroll/esocial/events
GET	/api/v1/people-management/hr/payroll/esocial/integration
GET	/api/v1/people-management/hr/payroll/esocial/receipt/{export_id}
GET	/api/v1/people-management/hr/payroll/esocial/rubrica-mapping
GET	/api/v1/people-management/hr/payroll/esocial/status
GET	/api/v1/people-management/hr/payroll/esocial/validate
GET	/api/v1/people-management/hr/payroll/events/employee/{employee_id}/period/{period_id}
GET	/api/v1/people-management/hr/payroll/events/employee/{employee_id}/period/{period_id}/summary
GET	/api/v1/people-management/hr/payroll/events/period/{period_id}
GET	/api/v1/people-management/hr/payroll/events/period/{period_id}/by-category
GET	/api/v1/people-management/hr/payroll/events/period/{period_id}/totals
GET	/api/v1/people-management/hr/payroll/events/{event_id}
GET	/api/v1/people-management/hr/payroll/exports/
GET	/api/v1/people-management/hr/payroll/exports/formats/available
GET	/api/v1/people-management/hr/payroll/exports/{export_id}
GET	/api/v1/people-management/hr/payroll/exports/{export_id}/download-info
GET	/api/v1/people-management/hr/payroll/exports/{export_id}/file
GET	/api/v1/people-management/hr/payroll/exports/{export_id}/progress
GET	/api/v1/people-management/hr/payroll/periods/
GET	/api/v1/people-management/hr/payroll/periods/current
GET	/api/v1/people-management/hr/payroll/periods/{period_id}
GET	/api/v1/people-management/hr/time-tracking/justifications/
GET	/api/v1/people-management/hr/time-tracking/justifications/medical-leaves
GET	/api/v1/people-management/hr/time-tracking/justifications/pending-approval
GET	/api/v1/people-management/hr/time-tracking/justifications/pending-verification
GET	/api/v1/people-management/hr/time-tracking/justifications/stats
GET	/api/v1/people-management/hr/time-tracking/justifications/{justification_id}
GET	/api/v1/people-management/hr/time-tracking/overtime/
GET	/api/v1/people-management/hr/time-tracking/overtime/employee/{employee_id}/summary
GET	/api/v1/people-management/hr/time-tracking/overtime/pending-approval
GET	/api/v1/people-management/hr/time-tracking/overtime/pending-compensation
GET	/api/v1/people-management/hr/time-tracking/overtime/pending-payment
GET	/api/v1/people-management/hr/time-tracking/overtime/stats
GET	/api/v1/people-management/hr/time-tracking/overtime/{overtime_id}
GET	/api/v1/people-management/hr/time-tracking/time-entries/
GET	/api/v1/people-management/hr/time-tracking/time-entries/employee/{employee_id}/day/{entry_date}
GET	/api/v1/people-management/hr/time-tracking/time-entries/pending-approval
GET	/api/v1/people-management/hr/time-tracking/time-entries/stats
GET	/api/v1/people-management/hr/time-tracking/time-entries/with-anomalies
GET	/api/v1/people-management/hr/time-tracking/time-entries/{entry_id}
GET	/api/v1/people-management/hr/time-tracking/time-sheets/
GET	/api/v1/people-management/hr/time-tracking/time-sheets/stats
GET	/api/v1/people-management/hr/time-tracking/time-sheets/{sheet_id}
PATCH	/api/v1/people-management/hr/time-tracking/justifications/{justification_id}
PATCH	/api/v1/people-management/hr/time-tracking/overtime/{overtime_id}
PATCH	/api/v1/people-management/hr/time-tracking/time-entries/{entry_id}
POST	/api/v1/people-management/hr/payroll/esocial/batch/generate
POST	/api/v1/people-management/hr/payroll/esocial/batch/transmit
POST	/api/v1/people-management/hr/payroll/esocial/generate
POST	/api/v1/people-management/hr/payroll/esocial/transmit/{export_id}
POST	/api/v1/people-management/hr/payroll/events/
POST	/api/v1/people-management/hr/payroll/events/bulk
POST	/api/v1/people-management/hr/payroll/events/employee/{employee_id}/period/{period_id}/recalculate
POST	/api/v1/people-management/hr/payroll/events/{event_id}/adjust
POST	/api/v1/people-management/hr/payroll/events/{event_id}/cancel
POST	/api/v1/people-management/hr/payroll/exports/
POST	/api/v1/people-management/hr/payroll/exports/process-pending
POST	/api/v1/people-management/hr/payroll/exports/{export_id}/cancel
POST	/api/v1/people-management/hr/payroll/exports/{export_id}/process
POST	/api/v1/people-management/hr/payroll/exports/{export_id}/retry
POST	/api/v1/people-management/hr/payroll/periods/
POST	/api/v1/people-management/hr/payroll/periods/{period_id}/approve
POST	/api/v1/people-management/hr/payroll/periods/{period_id}/calculate
POST	/api/v1/people-management/hr/payroll/periods/{period_id}/close
POST	/api/v1/people-management/hr/payroll/periods/{period_id}/reopen
POST	/api/v1/people-management/hr/time-tracking/justifications/
POST	/api/v1/people-management/hr/time-tracking/justifications/{justification_id}/analyze
POST	/api/v1/people-management/hr/time-tracking/justifications/{justification_id}/approve
POST	/api/v1/people-management/hr/time-tracking/justifications/{justification_id}/attachments
POST	/api/v1/people-management/hr/time-tracking/justifications/{justification_id}/partial-approve
POST	/api/v1/people-management/hr/time-tracking/justifications/{justification_id}/reject
POST	/api/v1/people-management/hr/time-tracking/justifications/{justification_id}/submit
POST	/api/v1/people-management/hr/time-tracking/justifications/{justification_id}/verify
POST	/api/v1/people-management/hr/time-tracking/overtime/
POST	/api/v1/people-management/hr/time-tracking/overtime/{overtime_id}/approve
POST	/api/v1/people-management/hr/time-tracking/overtime/{overtime_id}/compensate
POST	/api/v1/people-management/hr/time-tracking/overtime/{overtime_id}/mark-paid
POST	/api/v1/people-management/hr/time-tracking/overtime/{overtime_id}/pre-approve
POST	/api/v1/people-management/hr/time-tracking/overtime/{overtime_id}/reject
POST	/api/v1/people-management/hr/time-tracking/time-entries/
POST	/api/v1/people-management/hr/time-tracking/time-entries/{entry_id}/approve
POST	/api/v1/people-management/hr/time-tracking/time-entries/{entry_id}/manual-adjust
POST	/api/v1/people-management/hr/time-tracking/time-entries/{entry_id}/reject
POST	/api/v1/people-management/hr/time-tracking/time-entries/{entry_id}/resolve-anomaly
PUT	/api/v1/people-management/hr/payroll/events/{event_id}
PUT	/api/v1/people-management/hr/payroll/periods/{period_id}
