GET	/api/v1/financial/pagamentos-diaristas/resumo
GET	/api/v1/financial/pagamentos-pj/preview/{ano}/{mes}
POST	/api/v1/banking/payment/cancel/{payment_id}
POST	/api/v1/financial/cashflow/forecasts
GET	/api/v1/financial/cashflow/forecasts/active
GET	/api/v1/financial/cashflow/forecasts/{forecast_id}
PUT	/api/v1/financial/cashflow/forecasts/{forecast_id}
DELETE	/api/v1/financial/cashflow/forecasts/{forecast_id}
POST	/api/v1/financial/cashflow/forecasts/{forecast_id}/update-actuals
GET	/api/v1/financial/cashflow/entries/pending
GET	/api/v1/financial/cashflow/entries/totals
GET	/api/v1/financial/cashflow/lancamentos
POST	/api/v1/financial/cashflow/ai/forecast
POST	/api/v1/financial/cashflow/ai/anomalies
GET	/api/v1/financial/cashflow/ai/suggestions
GET	/api/v1/financial/cashflow/legacy/anomalies
GET	/api/v1/financial/cashflow/legacy/predict
GET	/api/v1/financial/cashflow/legacy/suggestions
GET	/api/v1/financial/fiscal/ncm
POST	/api/v1/financial/fiscal/ncm
GET	/api/v1/financial/fiscal/ncm/{ncm_id}
GET	/api/v1/financial/fiscal/ncm/codigo/{codigo}
PATCH	/api/v1/financial/fiscal/ncm/{ncm_id}
GET	/api/v1/financial/fiscal/obrigacao/pendentes
GET	/api/v1/financial/fiscal/obrigacao/atrasadas
GET	/api/v1/financial/fiscal/das/faixas
GET	/api/v1/financial/fiscal/stats-real
GET	/api/v1/financial/receivables/receivables-aging
GET	/api/v1/financial/receivables/overdue
GET	/api/v1/financial/receivables/due-soon
GET	/api/v1/financial/receivables/debt/customer/{customer_id}
GET	/api/v1/financial/receivables/debt/unit/{unidade_id}
POST	/api/v1/financial/receivables/bulk-payment
POST	/api/v1/financial/receivables/payments/{payment_id}/reverse
POST	/api/v1/financial/receivables/payments/{payment_id}/reconcile
GET	/api/v1/financial/receivables/payments/pending-reconciliation
GET	/api/v1/financial/receivables/ai/cash-flow-forecast
GET	/api/v1/financial/receivables/ai/collection-priorities
GET	/api/v1/financial/receivables/ai/customer-risk/{customer_id}
GET	/api/v1/financial/receivables/ai/delinquency-analysis
GET	/api/v1/financial/payables/payables-aging
GET	/api/v1/financial/payables/due-soon
POST	/api/v1/financial/payables/bulk-approve
POST	/api/v1/financial/payables/bulk-payment
POST	/api/v1/financial/payables/payments/{payment_id}/reverse
POST	/api/v1/financial/payables/payments/{payment_id}/reconcile
GET	/api/v1/financial/payables/payments/pending-reconciliation
GET	/api/v1/financial/relatorios/fornecedores
GET	/api/v1/financial/relatorios/balanco-patrimonial
GET	/api/v1/financial/relatorios/liminares
POST	/api/v1/financial/relatorios/liminares
GET	/api/v1/financial/cfo/historico
GET	/api/v1/financial/precificacao/contratos/analise
GET	/api/v1/financial/suppliers/search
GET	/api/v1/financial/billing-rules/active
GET	/api/v1/financial/billing-rules/due-for-generation
GET	/api/v1/financial/ai/risks
GET	/api/v1/financial/ai/collection/receivable/{receivable_id}
GET	/api/v1/financial/ai/costing/by-type
GET	/api/v1/financial/ai/costing/summary
GET	/api/v1/mcp/financial/summary
POST	/api/v1/mcp/financial/request
POST	/api/v1/mcp/financial/call/{tool_name}
POST	/api/v1/gdrive/kits/{cliente_id}/{competencia}/montar-e-enviar
POST	/api/v1/ged/certidoes/sync
POST	/api/v1/ged/certidoes/sync/{param}
GET	/api/v1/ged/ged-integration/onboarding/{employee_id}
GET	/api/v1/ged/ged-integration/sst/{employee_id}
GET	/api/v1/ged/ged-integration/sst/asos/vencendo
POST	/api/v1/ged/kits/{kit_id}/enviar
GET	/api/v1/ged/montar/condominios
GET	/api/v1/ged/montar/servicos/{client_id}
GET	/api/v1/ged/montar/funcionarios/{client_id}
POST	/api/v1/ged/montar/kit
GET	/api/v1/gedeon/kits/status
GET	/api/v1/gedeon/kits/config
GET	/api/v1/gedeon/colaborador/{nome}/pagamentos
GET	/api/v1/gedeon/consultor/panorama
GET	/api/v1/gedeon/consultor/historico
GET	/api/v1/onvio/guias/fgts
GET	/api/v1/onvio/guias/inss
POST	/api/v1/integrations/solides/beneficios/sync
GET	/api/v1/government/inss/guias
GET	/api/v1/operacional/consultor/panorama
GET	/api/v1/operacional/consultor/historico
GET	/api/v1/operacional/rondas/gestao/resumo-inspetores
GET	/api/v1/operacional/unificado/dashboard
GET	/api/v1/operacional/ws/status
GET	/api/v1/juridico/contratos/alertas
DELETE	/api/v1/clients/{client_id}
POST	/api/v1/clients/{client_id}/set-defaulter
POST	/api/v1/clients/{client_id}/condominiums
GET	/api/v1/clients/{client_id}/full
GET	/api/v1/crm/leads/{lead_id}
PATCH	/api/v1/crm/leads/{lead_id}/status
GET	/api/v1/marketing/leads/stats
GET	/api/v1/empresas/{empresa_id}/liminares
POST	/api/v1/empresas/{empresa_id}/liminares
GET	/api/v1/users/roles
GET	/api/v1/users/{user_id}
PATCH	/api/v1/users/{user_id}/role
DELETE	/api/v1/users/{user_id}
GET	/api/v1/comercial/consultor/panorama
GET	/api/v1/comercial/consultor/historico
GET	/api/v1/fiscal/consultor/panorama
GET	/api/v1/fiscal/consultor/historico
GET	/api/v1/gestao/consultor/panorama
GET	/api/v1/gestao/consultor/historico
GET	/api/v1/rh/consultor/panorama
GET	/api/v1/rh/consultor/historico
GET	/api/v1/ai/consultor/placar
GET	/api/v1/cct/feriados/mes/{mes}
GET	/api/v1/cct/feriados/verificar
GET	/api/v1/cct/beneficios/taxa-negocial
GET	/api/v1/cct/jornadas/permitidas
GET	/api/v1/cct/compliance/resumo
GET	/api/v1/campo/os/
GET	/api/v1/campo/os/dashboard
POST	/api/v1/campo/os/
GET	/api/v1/campo/os/atrasadas
GET	/api/v1/campo/os/cliente/{cliente_id}
GET	/api/v1/campo/os/numero/{numero}
GET	/api/v1/campo/os/tecnico/{tecnico_id}
DELETE	/api/v1/campo/os/{os_id}
GET	/api/v1/campo/os/{os_id}
PATCH	/api/v1/campo/os/{os_id}
POST	/api/v1/campo/os/{os_id}/agendar
POST	/api/v1/campo/os/{os_id}/assinatura
POST	/api/v1/campo/os/{os_id}/avaliacao
POST	/api/v1/campo/os/{os_id}/cancelar
POST	/api/v1/campo/os/{os_id}/checkin
POST	/api/v1/campo/os/{os_id}/checkout
POST	/api/v1/campo/os/{os_id}/concluir
POST	/api/v1/campo/os/{os_id}/foto
POST	/api/v1/campo/os/{os_id}/iniciar-deslocamento
POST	/api/v1/campo/os/{os_id}/pausar
POST	/api/v1/campo/os/{os_id}/reagendar
POST	/api/v1/campo/os/{os_id}/retomar
