DELETE	/api/v1/campo/os/{os_id}
DELETE	/api/v1/clients/{client_id}
DELETE	/api/v1/crm/docs/{doc_id}
DELETE	/api/v1/crm/leads/{lead_id}
DELETE	/api/v1/crm/tasks/{task_id}
DELETE	/api/v1/financial/cashflow/forecasts/{forecast_id}
DELETE	/api/v1/people-management/admin/cct/feriados/{feriado_id}
DELETE	/api/v1/people-management/hr/payroll/periods/{period_id}
DELETE	/api/v1/people-management/hr/reimbursements/attachments/{attachment_id}
DELETE	/api/v1/people-management/hr/time-tracking/justifications/{justification_id}
DELETE	/api/v1/people-management/hr/time-tracking/overtime/{overtime_id}
DELETE	/api/v1/people-management/hr/time-tracking/time-entries/{entry_id}
DELETE	/api/v1/people-management/human-resources/training/courses/{course_id}
DELETE	/api/v1/people-management/sst/treinamentos/{treinamento_id}
DELETE	/api/v1/users/{user_id}
GET	/api/v1/ai/consultor/placar
GET	/api/v1/campo/os/{os_id}
GET	/api/v1/cct/beneficios/taxa-negocial
GET	/api/v1/cct/compliance/resumo
GET	/api/v1/cct/feriados/mes/{mes}
GET	/api/v1/cct/feriados/verificar
GET	/api/v1/cct/jornadas/permitidas
GET	/api/v1/clients/{client_id}
GET	/api/v1/clients/{client_id}/condominiums
GET	/api/v1/clients/{client_id}/full
GET	/api/v1/comercial/consultor/historico
GET	/api/v1/comercial/consultor/panorama
GET	/api/v1/crm/clients/{client_id}/360
GET	/api/v1/crm/leads/{lead_id}
GET	/api/v1/empresas/{empresa_id}/liminares
GET	/api/v1/financeiro/inter/categorias/stats
GET	/api/v1/financeiro/inter/colaborador/{nome}/categorias
GET	/api/v1/financeiro/inter/payments/audit
GET	/api/v1/financeiro/inter/payroll/pagamentos
GET	/api/v1/financeiro/inter/transactions
GET	/api/v1/financial/accounting/dre-consolidado
GET	/api/v1/financial/ai/collection/receivable/{receivable_id}
GET	/api/v1/financial/ai/costing/by-type
GET	/api/v1/financial/ai/costing/summary
GET	/api/v1/financial/ai/risks
GET	/api/v1/financial/billing-rules/active
GET	/api/v1/financial/billing-rules/due-for-generation
GET	/api/v1/financial/cashflow/ai/suggestions
GET	/api/v1/financial/cashflow/category-breakdown
GET	/api/v1/financial/cashflow/entries/pending
GET	/api/v1/financial/cashflow/entries/totals
GET	/api/v1/financial/cashflow/forecast
GET	/api/v1/financial/cashflow/forecasts
GET	/api/v1/financial/cashflow/forecasts/active
GET	/api/v1/financial/cashflow/forecasts/{forecast_id}
GET	/api/v1/financial/cashflow/lancamentos
GET	/api/v1/financial/cashflow/legacy/anomalies
GET	/api/v1/financial/cashflow/legacy/predict
GET	/api/v1/financial/cashflow/legacy/suggestions
GET	/api/v1/financial/cashflow/summary
GET	/api/v1/financial/cashflow/supplier-breakdown
GET	/api/v1/financial/cashflow/trends
GET	/api/v1/financial/cfo/historico
GET	/api/v1/financial/custeio/contratos
GET	/api/v1/financial/fiscal/das/faixas
GET	/api/v1/financial/fiscal/fiscal/nfse-emitida/{chave}/danfse
GET	/api/v1/financial/fiscal/ncm
GET	/api/v1/financial/fiscal/ncm/codigo/{codigo}
GET	/api/v1/financial/fiscal/ncm/{ncm_id}
GET	/api/v1/financial/fiscal/obrigacao/atrasadas
GET	/api/v1/financial/fiscal/obrigacao/pendentes
GET	/api/v1/financial/fiscal/stats-real
GET	/api/v1/financial/inventory/real/itens
GET	/api/v1/financial/inventory/real/movimentos
GET	/api/v1/financial/inventory/real/resumo
GET	/api/v1/financial/pagamentos-diaristas/lancados-dia/{data}
GET	/api/v1/financial/pagamentos-diaristas/resumo
GET	/api/v1/financial/pagamentos-pj/lote/{ano}/{mes}
GET	/api/v1/financial/pagamentos-pj/preview/{ano}/{mes}
GET	/api/v1/financial/payables/due-soon
GET	/api/v1/financial/payables/installments/pending
GET	/api/v1/financial/payables/payables-aging
GET	/api/v1/financial/payables/payments/pending-reconciliation
GET	/api/v1/financial/precificacao/contratos/analise
GET	/api/v1/financial/precificacao/simulador
GET	/api/v1/financial/receivables/ai/cash-flow-forecast
GET	/api/v1/financial/receivables/ai/collection-priorities
GET	/api/v1/financial/receivables/ai/customer-risk/{customer_id}
GET	/api/v1/financial/receivables/ai/delinquency-analysis
GET	/api/v1/financial/receivables/debt/customer/{customer_id}
GET	/api/v1/financial/receivables/debt/unit/{unidade_id}
GET	/api/v1/financial/receivables/due-soon
GET	/api/v1/financial/receivables/overdue
GET	/api/v1/financial/receivables/payments/pending-reconciliation
GET	/api/v1/financial/receivables/receivables-aging
GET	/api/v1/financial/relatorios/balanco-patrimonial
GET	/api/v1/financial/relatorios/contas-pagar
GET	/api/v1/financial/relatorios/contas-receber
GET	/api/v1/financial/relatorios/dre/mensal
GET	/api/v1/financial/relatorios/fornecedores
GET	/api/v1/financial/relatorios/liminares
GET	/api/v1/financial/suppliers/search
GET	/api/v1/fiscal/consultor/historico
GET	/api/v1/fiscal/consultor/panorama
GET	/api/v1/gdrive/oauth/callback
GET	/api/v1/ged/certidoes/tipos
GET	/api/v1/ged/coleta-automatica/history
GET	/api/v1/ged/config/email-templates
GET	/api/v1/ged/ged-integration/contracheques/{employee_id}
GET	/api/v1/ged/ged-integration/institucional/cct
GET	/api/v1/ged/ged-integration/institucional/comunicados
GET	/api/v1/ged/ged-integration/onboarding/{employee_id}
GET	/api/v1/ged/ged-integration/sst/asos/vencendo
GET	/api/v1/ged/ged-integration/sst/{employee_id}
GET	/api/v1/ged/kits/{kit_id}
GET	/api/v1/ged/kits/{kit_id}/assinaturas
GET	/api/v1/ged/kits/{kit_id}/download-zip
GET	/api/v1/ged/montar/condominios
GET	/api/v1/ged/montar/funcionarios/{client_id}
GET	/api/v1/ged/montar/servicos/{client_id}
GET	/api/v1/ged/reports/by-client
GET	/api/v1/ged/reports/compliance
GET	/api/v1/ged/reports/monthly
GET	/api/v1/ged/reports/signatures
GET	/api/v1/gedeon/colaborador/{nome}/pagamentos
GET	/api/v1/gedeon/consultor/historico
GET	/api/v1/gedeon/consultor/panorama
GET	/api/v1/gedeon/kits/assinaturas
GET	/api/v1/gedeon/kits/config
GET	/api/v1/gedeon/kits/dp/alinhamento
GET	/api/v1/gedeon/kits/entrega/status
GET	/api/v1/gedeon/kits/funcionario
GET	/api/v1/gedeon/kits/funcionarios
GET	/api/v1/gedeon/kits/status
GET	/api/v1/gestao/consultor/historico
GET	/api/v1/gestao/consultor/panorama
GET	/api/v1/government/inss/guias
GET	/api/v1/juridico/contratos/alertas
GET	/api/v1/juridico/contratos/dashboard
GET	/api/v1/juridico/det/robo/status
GET	/api/v1/juridico/det/status
GET	/api/v1/juridico/escritorio/roi
GET	/api/v1/juridico/playbook
GET	/api/v1/juridico/riscos/dashboard
GET	/api/v1/juridico/riscos/trabalhista
GET	/api/v1/juridico/riscos/tributario
GET	/api/v1/marketing/leads/stats
GET	/api/v1/mcp/financial/summary
GET	/api/v1/onvio/documentos
GET	/api/v1/onvio/guias/fgts
GET	/api/v1/onvio/guias/inss
GET	/api/v1/onvio/historico
GET	/api/v1/onvio/stats
GET	/api/v1/onvio/status
GET	/api/v1/operacional/alertas/ativos
GET	/api/v1/operacional/comunicacao/alertas/ativos
GET	/api/v1/operacional/comunicacao/comunicados/nao-lidos
GET	/api/v1/operacional/comunicacao/notificacoes/nao-lidas/count
GET	/api/v1/operacional/consultor/historico
GET	/api/v1/operacional/consultor/panorama
GET	/api/v1/operacional/diarias/resumo-gerencial
GET	/api/v1/operacional/notificacoes/nao-lidas/count
GET	/api/v1/operacional/rondas/gestao/resumo-inspetores
GET	/api/v1/operacional/unificado/dashboard
GET	/api/v1/operacional/ws/status
GET	/api/v1/people-management/dp/payslips/folha/pagar-via-pix/{mes}/{ano}/preview
GET	/api/v1/people-management/dp/payslips/folha/pagar-via-pix/{mes}/{ano}/status
GET	/api/v1/people-management/ged/config/document-types
GET	/api/v1/people-management/ged/config/email-templates
GET	/api/v1/people-management/ged/documents/ingestao/status
GET	/api/v1/people-management/ged/documents/pending-signatures
GET	/api/v1/people-management/ged/kits/dashboard
GET	/api/v1/people-management/ged/kits/summary
GET	/api/v1/people-management/hr/admissions/checklist
GET	/api/v1/people-management/hr/beneficios
GET	/api/v1/people-management/hr/beneficios/taxa-negocial
GET	/api/v1/people-management/hr/cct/funcionarios
GET	/api/v1/people-management/hr/discipline/assinaturas/documento/{document_id}
GET	/api/v1/people-management/hr/discipline/employee/{employee_id}/history
GET	/api/v1/people-management/hr/discipline/medidas-administrativas/estatisticas
GET	/api/v1/people-management/hr/discipline/medidas-administrativas/funcionario/{employee_id}
GET	/api/v1/people-management/hr/discipline/medidas-administrativas/pendentes
GET	/api/v1/people-management/hr/employees/discipline
GET	/api/v1/people-management/hr/payroll-export/contracheque/{employee_id}/{competencia}
GET	/api/v1/people-management/hr/payroll/employee/{employee_id}/calculate
GET	/api/v1/people-management/hr/payroll/employee/{employee_id}/payslip-pdf
GET	/api/v1/people-management/hr/payroll/esocial/events
GET	/api/v1/people-management/hr/payroll/esocial/integration
GET	/api/v1/people-management/hr/payroll/esocial/receipt/{export_id}
GET	/api/v1/people-management/hr/payroll/esocial/rubrica-mapping
GET	/api/v1/people-management/hr/payroll/esocial/status
GET	/api/v1/people-management/hr/payroll/esocial/validate
GET	/api/v1/people-management/hr/payroll/events/employee/{employee_id}/period/{period_id}
GET	/api/v1/people-management/hr/payroll/events/employee/{employee_id}/period/{period_id}/summary
GET	/api/v1/people-management/hr/payroll/events/period/{period_id}
GET	/api/v1/people-management/hr/payroll/events/period/{period_id}/by-category
GET	/api/v1/people-management/hr/payroll/events/period/{period_id}/totals
GET	/api/v1/people-management/hr/payroll/events/{event_id}
GET	/api/v1/people-management/hr/payroll/exports/
GET	/api/v1/people-management/hr/payroll/exports/formats/available
GET	/api/v1/people-management/hr/payroll/exports/{export_id}
GET	/api/v1/people-management/hr/payroll/exports/{export_id}/download-info
GET	/api/v1/people-management/hr/payroll/exports/{export_id}/file
GET	/api/v1/people-management/hr/payroll/exports/{export_id}/progress
GET	/api/v1/people-management/hr/payroll/periods/
GET	/api/v1/people-management/hr/payroll/periods/current
GET	/api/v1/people-management/hr/payroll/periods/{period_id}
GET	/api/v1/people-management/hr/payroll/rubricas
GET	/api/v1/people-management/hr/payroll/summary
GET	/api/v1/people-management/hr/ponto/fechamento-status
GET	/api/v1/people-management/hr/reimbursements/approvals/pending
GET	/api/v1/people-management/hr/reimbursements/attachment-types
GET	/api/v1/people-management/hr/reimbursements/attachments/{attachment_id}/download
GET	/api/v1/people-management/hr/reimbursements/categories
GET	/api/v1/people-management/hr/reimbursements/expense-types
GET	/api/v1/people-management/hr/reimbursements/my
GET	/api/v1/people-management/hr/reimbursements/ready-for-payment
GET	/api/v1/people-management/hr/reimbursements/stats
GET	/api/v1/people-management/hr/reports/headcount
GET	/api/v1/people-management/hr/time-records/daily/{record_date}
GET	/api/v1/people-management/hr/time-records/employee/{employee_id}/summary
GET	/api/v1/people-management/hr/time-tracking/employee/{employee_id}/entries
GET	/api/v1/people-management/hr/time-tracking/justifications/
GET	/api/v1/people-management/hr/time-tracking/justifications/medical-leaves
GET	/api/v1/people-management/hr/time-tracking/justifications/pending-approval
GET	/api/v1/people-management/hr/time-tracking/justifications/pending-verification
GET	/api/v1/people-management/hr/time-tracking/justifications/stats
GET	/api/v1/people-management/hr/time-tracking/justifications/{justification_id}
GET	/api/v1/people-management/hr/time-tracking/overtime/
GET	/api/v1/people-management/hr/time-tracking/overtime/employee/{employee_id}/summary
GET	/api/v1/people-management/hr/time-tracking/overtime/pending-approval
GET	/api/v1/people-management/hr/time-tracking/overtime/pending-compensation
GET	/api/v1/people-management/hr/time-tracking/overtime/pending-payment
GET	/api/v1/people-management/hr/time-tracking/overtime/stats
GET	/api/v1/people-management/hr/time-tracking/overtime/{overtime_id}
GET	/api/v1/people-management/hr/time-tracking/time-entries/
GET	/api/v1/people-management/hr/time-tracking/time-entries/employee/{employee_id}/day/{entry_date}
GET	/api/v1/people-management/hr/time-tracking/time-entries/pending-approval
GET	/api/v1/people-management/hr/time-tracking/time-entries/stats
GET	/api/v1/people-management/hr/time-tracking/time-entries/with-anomalies
GET	/api/v1/people-management/hr/time-tracking/time-entries/{entry_id}
GET	/api/v1/people-management/hr/time-tracking/time-sheets/
GET	/api/v1/people-management/hr/time-tracking/time-sheets/stats
GET	/api/v1/people-management/hr/time-tracking/time-sheets/{sheet_id}
GET	/api/v1/people-management/human-resources/climate/absenteismo/alertas
GET	/api/v1/people-management/human-resources/climate/absenteismo/dashboard
GET	/api/v1/people-management/human-resources/climate/alerts
GET	/api/v1/people-management/human-resources/climate/dashboard
GET	/api/v1/people-management/human-resources/climate/surveys
GET	/api/v1/people-management/human-resources/evaluation-360/ciclos
GET	/api/v1/people-management/human-resources/evaluation-360/ciclos/{ciclo_id}/relatorio
GET	/api/v1/people-management/human-resources/evaluation-360/ciclos/{ciclo_id}/resultado
GET	/api/v1/people-management/human-resources/evaluation-360/pendencias
GET	/api/v1/people-management/human-resources/evaluation-360/resultados
GET	/api/v1/people-management/human-resources/onboarding/dashboard
GET	/api/v1/people-management/human-resources/onboarding/pendencias
GET	/api/v1/people-management/human-resources/onboarding/{employee_id}/checklist
GET	/api/v1/people-management/human-resources/performance/visao-integrada
GET	/api/v1/people-management/human-resources/performance/visao-integrada/{employee_id}
GET	/api/v1/people-management/human-resources/prestadores-pj/links-empresa
GET	/api/v1/people-management/human-resources/recruitment/interviews
GET	/api/v1/people-management/human-resources/recruitment/interviews/
GET	/api/v1/people-management/human-resources/recruitment/job-positions
GET	/api/v1/people-management/human-resources/recruitment/job-positions/
GET	/api/v1/people-management/human-resources/recruitment/job-positions/open
GET	/api/v1/people-management/human-resources/training/certificates
GET	/api/v1/people-management/human-resources/training/certificates/
GET	/api/v1/people-management/human-resources/training/certificates/expiring
GET	/api/v1/people-management/human-resources/training/courses
GET	/api/v1/people-management/human-resources/training/courses/{course_id}
GET	/api/v1/people-management/human-resources/training/mandatory-check/{employee_id}
GET	/api/v1/people-management/human-resources/turnover/dashboard
GET	/api/v1/people-management/human-resources/turnover/desligados-sem-motivo
GET	/api/v1/people-management/human-resources/turnover/motivos
GET	/api/v1/people-management/ponto/onboarding/completude
GET	/api/v1/people-management/portal/autocadastro-pj/dados
GET	/api/v1/people-management/portal/autocadastro-pj/termo
GET	/api/v1/people-management/portal/banco-horas
GET	/api/v1/people-management/portal/candidato/cargos
GET	/api/v1/people-management/portal/candidato/status
GET	/api/v1/people-management/portal/candidato/termo
GET	/api/v1/people-management/portal/cct/adicional-noturno
GET	/api/v1/people-management/portal/cct/direitos
GET	/api/v1/people-management/portal/cct/feriados
GET	/api/v1/people-management/portal/comunicados
GET	/api/v1/people-management/portal/contrato
GET	/api/v1/people-management/portal/dashboard
GET	/api/v1/people-management/portal/my-benefits
GET	/api/v1/people-management/portal/my-data
GET	/api/v1/people-management/portal/my-documents
GET	/api/v1/people-management/portal/my-documents/{id}/verify-signature
GET	/api/v1/people-management/portal/my-notifications
GET	/api/v1/people-management/portal/my-schedules
GET	/api/v1/people-management/portal/my-schedules/current-month
GET	/api/v1/people-management/portal/my-schedules/next-shift
GET	/api/v1/people-management/portal/my-trainings/certificates
GET	/api/v1/people-management/portal/my-trainings/enrollments
GET	/api/v1/people-management/portal/my-vacations/balance
GET	/api/v1/people-management/portal/my-vacations/requests
GET	/api/v1/people-management/portal/onboarding-status
GET	/api/v1/people-management/portal/perfil
GET	/api/v1/people-management/portal/ponto/historico
GET	/api/v1/people-management/portal/self-service/categorias-reembolso
GET	/api/v1/people-management/portal/self-service/facial/referencia
GET	/api/v1/people-management/portal/self-service/meu-ponto
GET	/api/v1/people-management/portal/self-service/meus-dados
GET	/api/v1/people-management/portal/self-service/meus-documentos-a-assinar
GET	/api/v1/people-management/portal/self-service/meus-reembolsos
GET	/api/v1/people-management/portal/self-service/minha-cct
GET	/api/v1/people-management/portal/self-service/onboarding-status
GET	/api/v1/people-management/portal/self-service/ouvidoria/minhas
GET	/api/v1/people-management/portal/self-service/ponto-hoje
GET	/api/v1/people-management/sst/ajuda-medicamento/ativos
GET	/api/v1/people-management/sst/asos/regularizacao
GET	/api/v1/people-management/sst/assinaturas/rollout
GET	/api/v1/people-management/sst/calendario-legal
GET	/api/v1/people-management/sst/cat
GET	/api/v1/people-management/sst/cat/taxa-acidente
GET	/api/v1/people-management/sst/cipa/membros
GET	/api/v1/people-management/sst/epi/fichas/minhas
GET	/api/v1/people-management/sst/estabilidade/ativos
GET	/api/v1/people-management/sst/nr1/colaboradores-risco
GET	/api/v1/people-management/sst/nr1/dashboard
GET	/api/v1/people-management/sst/pcmso/esteira
GET	/api/v1/people-management/sst/prontuario/{employee_id}
GET	/api/v1/people-management/sst/regularizacao/descalcos
GET	/api/v1/people-management/sst/riscos
GET	/api/v1/people-management/sst/treinamentos
GET	/api/v1/portal/analytics/conformidade
GET	/api/v1/portal/analytics/kits-history
GET	/api/v1/portal/analytics/overview
GET	/api/v1/portal/analytics/tickets-history
GET	/api/v1/portal/assistente/greeting
GET	/api/v1/portal/avisos
GET	/api/v1/portal/avisos/nao-lidas
GET	/api/v1/portal/financeiro/boletos
GET	/api/v1/portal/financeiro/contrato
GET	/api/v1/portal/financeiro/notas
GET	/api/v1/portal/financeiro/resumo
GET	/api/v1/portal/kits/{kit_id}
GET	/api/v1/portal/kits/{kit_id}/documents
GET	/api/v1/portal/kits/{kit_id}/documents/{document_id}/download
GET	/api/v1/portal/operacao/advertencias
GET	/api/v1/portal/operacao/assiduidade
GET	/api/v1/portal/operacao/atestados
GET	/api/v1/portal/operacao/equipe
GET	/api/v1/portal/operacao/escalas
GET	/api/v1/portal/operacao/ocorrencias
GET	/api/v1/portal/operacao/ranking
GET	/api/v1/portal/operacao/resumo
GET	/api/v1/portal/operacao/turnover
GET	/api/v1/portal/settings/info
GET	/api/v1/portal/settings/preferences
GET	/api/v1/rh/consultor/historico
GET	/api/v1/rh/consultor/panorama
GET	/api/v1/users/roles
GET	/api/v1/users/{user_id}
GET	/api/v1/webhooks/inter/status
GET	/api/v1/whatsapp/agent/dashboard
PATCH	/api/v1/campo/os/{os_id}
PATCH	/api/v1/crm/leads/{lead_id}/status
PATCH	/api/v1/crm/tasks/{task_id}
PATCH	/api/v1/financial/fiscal/ncm/{ncm_id}
PATCH	/api/v1/people-management/hr/time-tracking/justifications/{justification_id}
PATCH	/api/v1/people-management/hr/time-tracking/overtime/{overtime_id}
PATCH	/api/v1/people-management/hr/time-tracking/time-entries/{entry_id}
PATCH	/api/v1/people-management/portal/my-notifications/{notification_id}/read
PATCH	/api/v1/portal/settings/preferences
PATCH	/api/v1/users/{user_id}/activate
PATCH	/api/v1/users/{user_id}/deactivate
PATCH	/api/v1/users/{user_id}/permissions
PATCH	/api/v1/users/{user_id}/role
POST	/api/v1/agente/pedir-aprovacao
POST	/api/v1/banking/payment/cancel/{payment_id}
POST	/api/v1/campo/os/{os_id}/agendar
POST	/api/v1/campo/os/{os_id}/assinatura
POST	/api/v1/campo/os/{os_id}/avaliacao
POST	/api/v1/campo/os/{os_id}/cancelar
POST	/api/v1/campo/os/{os_id}/checkin
POST	/api/v1/campo/os/{os_id}/checkout
POST	/api/v1/campo/os/{os_id}/concluir
POST	/api/v1/campo/os/{os_id}/foto
POST	/api/v1/campo/os/{os_id}/iniciar-deslocamento
POST	/api/v1/campo/os/{os_id}/pausar
POST	/api/v1/campo/os/{os_id}/reagendar
POST	/api/v1/campo/os/{os_id}/retomar
POST	/api/v1/clients/{client_id}/activate
POST	/api/v1/clients/{client_id}/block
POST	/api/v1/clients/{client_id}/clear-defaulter
POST	/api/v1/clients/{client_id}/condominiums
POST	/api/v1/clients/{client_id}/set-defaulter
POST	/api/v1/clients/{client_id}/suspend
POST	/api/v1/crm/reunioes/cancelar
POST	/api/v1/empresas/{empresa_id}/liminares
POST	/api/v1/empresas/{empresa_id}/simular-regime
POST	/api/v1/financeiro/inter/categorias/auto-processar
POST	/api/v1/financeiro/inter/colaborador/{nome}/auto-categorizar
POST	/api/v1/financeiro/inter/conciliar/{competencia}
POST	/api/v1/financeiro/inter/sync-extrato
POST	/api/v1/financeiro/inter/transacoes/{transaction_id}/categorizar
POST	/api/v1/financial/cashflow/ai/anomalies
POST	/api/v1/financial/cashflow/ai/forecast
POST	/api/v1/financial/cashflow/forecasts
POST	/api/v1/financial/cashflow/forecasts/{forecast_id}/update-actuals
POST	/api/v1/financial/fiscal/fiscal/calcular/comparativo-regimes
POST	/api/v1/financial/fiscal/fiscal/calcular/lucro-real
POST	/api/v1/financial/fiscal/fiscal/calcular/retencoes-nfse
POST	/api/v1/financial/fiscal/fiscal/calcular/simples
POST	/api/v1/financial/fiscal/fiscal/calcular/verificar-limite-simples
POST	/api/v1/financial/fiscal/ncm
POST	/api/v1/financial/pagamentos-diaristas/executar
POST	/api/v1/financial/pagamentos-diaristas/manual
POST	/api/v1/financial/pagamentos-diaristas/programar-lancados-dia/{data}
POST	/api/v1/financial/pagamentos-diaristas/solicitar-otp
POST	/api/v1/financial/pagamentos-pj/executar/{ano}/{mes}
POST	/api/v1/financial/pagamentos-pj/item/{item_id}/nota-fiscal
POST	/api/v1/financial/pagamentos-pj/programar/{ano}/{mes}
POST	/api/v1/financial/pagamentos-pj/solicitar-otp/{ano}/{mes}
POST	/api/v1/financial/payables/bulk-approve
POST	/api/v1/financial/payables/bulk-payment
POST	/api/v1/financial/payables/installments/{installment_id}/pay
POST	/api/v1/financial/payables/installments/{installment_id}/renegotiate
POST	/api/v1/financial/payables/payments/{payment_id}/reconcile
POST	/api/v1/financial/payables/payments/{payment_id}/reverse
POST	/api/v1/financial/payables/process-recurring
POST	/api/v1/financial/receivables/bulk-payment
POST	/api/v1/financial/receivables/payments/{payment_id}/reconcile
POST	/api/v1/financial/receivables/payments/{payment_id}/reverse
POST	/api/v1/financial/relatorios/liminares
POST	/api/v1/gdrive/desconectar
POST	/api/v1/gdrive/kits/{client_id}/{competencia}/enviar-email
POST	/api/v1/gdrive/kits/{client_id}/{competencia}/montar
POST	/api/v1/gdrive/kits/{cliente_id}/{competencia}/montar-e-enviar
POST	/api/v1/ged/certidoes/sync
POST	/api/v1/ged/certidoes/sync/{param}
POST	/api/v1/ged/coleta-automatica/cnds/run
POST	/api/v1/ged/coleta-automatica/run
POST	/api/v1/ged/kits/{kit_id}/add-nfse
POST	/api/v1/ged/kits/{kit_id}/approve
POST	/api/v1/ged/kits/{kit_id}/enviar
POST	/api/v1/ged/kits/{kit_id}/generate-pdfs
POST	/api/v1/ged/kits/{kit_id}/send
POST	/api/v1/ged/kits/{kit_id}/solicitar-assinaturas
POST	/api/v1/ged/montar/kit
POST	/api/v1/integrations/solides/beneficios/sync
POST	/api/v1/juridico/det/comunicacao/upload
POST	/api/v1/juridico/det/ingest-robo
POST	/api/v1/juridico/processos/upload
POST	/api/v1/mcp/financial/call/{tool_name}
POST	/api/v1/mcp/financial/request
POST	/api/v1/onvio/sync
POST	/api/v1/operacional/comunicacao/notificacoes/marcar-todas
POST	/api/v1/operacional/notificacoes/marcar-todas
POST	/api/v1/people-management/certifications/gerar-folha/{competencia}
POST	/api/v1/people-management/dp/payroll/pay-batch
POST	/api/v1/people-management/dp/payslips/folha/funcionario/{employee_id}/pix-key/gerar-otp
POST	/api/v1/people-management/dp/payslips/folha/pagar-via-pix/{mes}/{ano}
POST	/api/v1/people-management/dp/payslips/folha/pagar-via-pix/{mes}/{ano}/gerar-otp
POST	/api/v1/people-management/dp/payslips/folha/upload
POST	/api/v1/people-management/ged/kits/auto-assemble
POST	/api/v1/people-management/hr/esocial/s2200/gerar
POST	/api/v1/people-management/hr/esocial/validar
POST	/api/v1/people-management/hr/payroll-export/contracheques-batch/{competencia}
POST	/api/v1/people-management/hr/payroll/esocial/batch/generate
POST	/api/v1/people-management/hr/payroll/esocial/batch/transmit
POST	/api/v1/people-management/hr/payroll/esocial/generate
POST	/api/v1/people-management/hr/payroll/esocial/transmit/{export_id}
POST	/api/v1/people-management/hr/payroll/events/
POST	/api/v1/people-management/hr/payroll/events/bulk
POST	/api/v1/people-management/hr/payroll/events/employee/{employee_id}/period/{period_id}/recalculate
POST	/api/v1/people-management/hr/payroll/events/{event_id}/adjust
POST	/api/v1/people-management/hr/payroll/events/{event_id}/cancel
POST	/api/v1/people-management/hr/payroll/exports/
POST	/api/v1/people-management/hr/payroll/exports/process-pending
POST	/api/v1/people-management/hr/payroll/exports/{export_id}/cancel
POST	/api/v1/people-management/hr/payroll/exports/{export_id}/process
POST	/api/v1/people-management/hr/payroll/exports/{export_id}/retry
POST	/api/v1/people-management/hr/payroll/periods/
POST	/api/v1/people-management/hr/payroll/periods/{period_id}/approve
POST	/api/v1/people-management/hr/payroll/periods/{period_id}/calculate
POST	/api/v1/people-management/hr/payroll/periods/{period_id}/close
POST	/api/v1/people-management/hr/payroll/periods/{period_id}/reopen
POST	/api/v1/people-management/hr/ponto/calcular
POST	/api/v1/people-management/hr/ponto/espelho/solicitar-homologacao/{mes}/{ano}
POST	/api/v1/people-management/hr/time-records/clock-in
POST	/api/v1/people-management/hr/time-records/clock-out/{record_id}
POST	/api/v1/people-management/hr/time-tracking/justifications/
POST	/api/v1/people-management/hr/time-tracking/justifications/{justification_id}/analyze
POST	/api/v1/people-management/hr/time-tracking/justifications/{justification_id}/approve
POST	/api/v1/people-management/hr/time-tracking/justifications/{justification_id}/attachments
POST	/api/v1/people-management/hr/time-tracking/justifications/{justification_id}/partial-approve
POST	/api/v1/people-management/hr/time-tracking/justifications/{justification_id}/reject
POST	/api/v1/people-management/hr/time-tracking/justifications/{justification_id}/submit
POST	/api/v1/people-management/hr/time-tracking/justifications/{justification_id}/verify
POST	/api/v1/people-management/hr/time-tracking/overtime/
POST	/api/v1/people-management/hr/time-tracking/overtime/{overtime_id}/approve
POST	/api/v1/people-management/hr/time-tracking/overtime/{overtime_id}/compensate
POST	/api/v1/people-management/hr/time-tracking/overtime/{overtime_id}/mark-paid
POST	/api/v1/people-management/hr/time-tracking/overtime/{overtime_id}/pre-approve
POST	/api/v1/people-management/hr/time-tracking/overtime/{overtime_id}/reject
POST	/api/v1/people-management/hr/time-tracking/time-entries/
POST	/api/v1/people-management/hr/time-tracking/time-entries/{entry_id}/approve
POST	/api/v1/people-management/hr/time-tracking/time-entries/{entry_id}/manual-adjust
POST	/api/v1/people-management/hr/time-tracking/time-entries/{entry_id}/reject
POST	/api/v1/people-management/hr/time-tracking/time-entries/{entry_id}/resolve-anomaly
POST	/api/v1/people-management/human-resources/ativacao-ponto/disparar
POST	/api/v1/people-management/human-resources/evaluation-360/ciclos
POST	/api/v1/people-management/human-resources/evaluation-360/ciclos/{ciclo_id}/responder
POST	/api/v1/people-management/human-resources/evaluation-360/ciclos/{ciclo_id}/respostas
POST	/api/v1/people-management/human-resources/evaluation-360/ciclos/{ciclo_id}/start
POST	/api/v1/people-management/human-resources/onboarding/{employee_id}/checklist/{item_id}/concluir
POST	/api/v1/people-management/human-resources/training/courses
POST	/api/v1/people-management/portal/auth/login
POST	/api/v1/people-management/portal/auth/logout
POST	/api/v1/people-management/portal/auth/primeiro-acesso
POST	/api/v1/people-management/portal/auth/refresh
POST	/api/v1/people-management/portal/auth/reset-senha
POST	/api/v1/people-management/portal/autocadastro-pj/concluir
POST	/api/v1/people-management/portal/autocadastro-pj/documento
POST	/api/v1/people-management/portal/candidato/autocadastro
POST	/api/v1/people-management/portal/candidato/documento
POST	/api/v1/people-management/portal/candidato/termo-aceite
POST	/api/v1/people-management/portal/cct/calculadora
POST	/api/v1/people-management/portal/my-documents/{id}/sign
POST	/api/v1/people-management/portal/my-notifications/test-trigger
POST	/api/v1/people-management/portal/primeiro-acesso/buscar-pis
POST	/api/v1/people-management/portal/primeiro-acesso/completar
POST	/api/v1/people-management/portal/primeiro-acesso/concluir
POST	/api/v1/people-management/portal/primeiro-acesso/contingencia-rosto
POST	/api/v1/people-management/portal/primeiro-acesso/identificar
POST	/api/v1/people-management/portal/self-service/bater-ponto
POST	/api/v1/people-management/portal/self-service/batida-contingencia
POST	/api/v1/people-management/portal/self-service/facial/batida
POST	/api/v1/people-management/portal/self-service/ouvidoria
POST	/api/v1/people-management/portal/self-service/solicitar-reembolso
POST	/api/v1/people-management/portal/self-service/tentativa-falhou
POST	/api/v1/people-management/sst/aso/retroativo
POST	/api/v1/people-management/sst/asos/agendar-lote
POST	/api/v1/people-management/sst/assinaturas/ativar-acessos
POST	/api/v1/people-management/sst/cat
POST	/api/v1/people-management/sst/cat/{cat_id}/transmitir
POST	/api/v1/people-management/sst/epi/fichas/gerar
POST	/api/v1/people-management/sst/risco
POST	/api/v1/people-management/sst/treinamentos
POST	/api/v1/portal/assistente/send
POST	/api/v1/portal/auth/login
POST	/api/v1/portal/avisos/{aviso_id}/lida
POST	/api/v1/signatures/empresa/assinar-lote
POST	/api/v1/users/{user_id}/aprovar
POST	/api/v1/webhooks/asaas
POST	/api/v1/webhooks/asaas/
POST	/api/v1/webhooks/cora
POST	/api/v1/webhooks/cora/
POST	/api/v1/webhooks/inter/boleto
POST	/api/v1/webhooks/inter/cobranca-recorrente
POST	/api/v1/webhooks/inter/configurar
POST	/api/v1/webhooks/inter/pagamento-boleto
POST	/api/v1/webhooks/inter/pagamento-pix
POST	/api/v1/webhooks/inter/pix
POST	/api/v1/webhooks/inter/recorrencia
POST	/api/v1/whatsapp/webhook
PUT	/api/v1/clients/{client_id}
PUT	/api/v1/crm/leads/{lead_id}
PUT	/api/v1/financial/cashflow/forecasts/{forecast_id}
PUT	/api/v1/financial/payables/installments/{installment_id}
PUT	/api/v1/financial/relatorios/liminares/{lid}/status
PUT	/api/v1/people-management/admin/cct/cargos/{cargo_id}
PUT	/api/v1/people-management/dp/payslips/folha/funcionario/{employee_id}/pix-key
PUT	/api/v1/people-management/hr/payroll/events/{event_id}
PUT	/api/v1/people-management/hr/payroll/periods/{period_id}
PUT	/api/v1/people-management/human-resources/training/courses/{course_id}
PUT	/api/v1/people-management/portal/my-data
PUT	/api/v1/people-management/portal/self-service/meus-dados
PUT	/api/v1/portal/settings/password